id,dataset_id,description,description_chinese,translation_status,translation_error
1,aeso_daily_average_pool_price,"Average daily prices in AESO. AESO reports out prices for both peak (Hour Ending 8-23) and off-peak. This dataset also contains 30-day rolling average price, defined as the average of the current date and the prior 29 days. ",AESO（阿尔伯塔省电力系统运营商）内的日均电力池价。AESO 分别报告高峰时段（小时结束时间 8-23）和非高峰时段的电价。该数据集还包含 30 天滚动平均电价，定义为当前日期及之前 29 天的平均价格。,done,
2,aeso_fuel_mix,Fuel mix data in AESO. This data is sampled every 1-2 minutes.  ,AESO（阿尔伯塔省电力系统运营商）内的燃料结构数据。该数据每隔 1-2 分钟采样一次。,done,
3,aeso_interchange,"This dataset contains the flows between AESO and British Columbia, Montana, and Saskatchewan. Positive values indicate exports and negative values indicate imports. Flows are sampled every 1-2 minutes. ",该数据集包含 AESO（阿尔伯塔省电力系统运营商）与不列颠哥伦比亚省、蒙大拿州和萨斯喀彻温省之间的电力交换潮流。正值表示出口，负值表示进口。潮流数据每隔 1-2 分钟采样一次。,done,
4,aeso_load,Calculated total Alberta demand based on all telemetered Control Area Net Generation minus Net Actual Interchange (in MW).,"根据所有遥测控制区净发电量减去实际净交换电量（单位：MW），计算得出的阿尔伯塔省总需求。
说明：Control Area 指控制区；Net Actual Interchange 指实际净交换电量。",done,
5,aeso_load_forecast,"Forecasted and calculated total Alberta demand based on all telemetered Control Area Net Generation minus Net Actual Interchange (in MW). Forecasts are released each day around 7AM Mountain Prevailing Time, forecasting the next 13 days. ","基于所有遥测控制区净发电量减去实际净交换电量（单位：MW），预测并计算得出的阿尔伯塔省总需求。
预测结果于每日山地标准时间早上7点左右发布，提供未来13天的需求预测。",done,
6,aeso_outages_hourly,"This dataset contains hourly average MW values for AESO outages over the next 90 days, broken down by fuel type. Fuel types include simple cycle (SC), cogen, combined cycle (CC), gas-fired steam (GFS), hydro, wind, solar, energy storage, biomass and other, and units mothballed (MBO). ",该数据集包含未来90天内AESO（阿尔伯塔省电力系统运营商）停电事故的每小时平均兆瓦值，并按燃料类型细分。燃料类型包括：简单循环（SC）、热电联产、联合循环（CC）、燃气蒸汽（GFS）、水力、风电、太阳能、储能、生物质及其他、以及封存备用机组（MBO）。,done,
7,aeso_pool_price,Time-weighted hourly averages of the one-minute system marginal prices across AESO. ,基于AESO（阿尔伯塔省电力系统运营商）范围内一分钟系统边际价格的时间加权小时平均值。,done,
8,aeso_pool_price_forecast,Forecasted pool prices for AESO for the current and next two hours. ,AESO（阿尔伯塔省电力系统运营商）当前及未来两小时的日前市场电价预测。,done,
9,aeso_reserves,"This dataset contains operating and required reserve values, in MWs, in AESO.  Values are included for Contingency Reserve, Fast Frequency Reserve (FFR), and Long Lead Time. AESO separates dispatched contingency reserves into two categories: generation and other. Other contingency reserves include load and interconnections. Data is sampled every 1-2 minutes. ","该数据集包含AESO（阿尔伯塔省电力系统运营商）的运行备用和所需备用值（单位：MW）。
数据涵盖：事故备用、快速频率备用（FFR）和长提前时间备用。
AESO将调度的的事故备用分为两类：发电侧备用和其他侧备用。其他事故备用包括负荷备用和互联线路备用。数据采样频率为每1-2分钟一次。",done,
10,aeso_solar_10_min,AESO's actual solar generation at 10 minute frequency. ,AESO（阿尔伯塔省电力系统运营商）以10分钟为频率记录的实际太阳能发电数据。,done,
11,aeso_solar_forecast_12_hour,"This dataset contains AESO’s forecasted solar generation for the next 12 hours, calculated every 10 minutes. AESO calculates three generation forecasts: minimum, most likely, and maximum. Additionally, AESO calculates a percentage of generation compared to the current installed capacity for each forecast range. ","该数据集包含AESO（阿尔伯塔省电力系统运营商）未来12小时的太阳能发电预测，每10分钟计算一次。
AESO提供三种发电预测情景：最小值、最可能值、最大值。
此外，针对每种预测区间，AESO还计算了发电量相对于当前已安装容量的百分比。",done,
12,aeso_solar_forecast_7_day,"This dataset contains AESO’s forecasted solar generation for the next 7 days, calculated every hour. AESO calculates three generation forecasts: minimum, most likely, and maximum. Additionally, AESO calculates a percentage of generation compared to the current installed capacity for each forecast range. ","该数据集包含AESO（阿尔伯塔省电力系统运营商）未来7天的太阳能发电预测，每小时计算一次。
AESO提供三种发电预测情景：最小值、最可能值、最大值。
此外，针对每种预测区间，AESO还计算了发电量相对于当前已安装容量的百分比。",done,
13,aeso_solar_hourly,AESO's actual solar generation at an hourly frequency. ,AESO（阿尔伯塔省电力系统运营商）以小时为频率记录的实际太阳能发电数据。,done,
14,aeso_supply_and_demand,"Supply and demand information in AESO, sampled every 1-2 minutes. ",AESO（阿尔伯塔省电力系统运营商）的供需信息，采样频率为每1-2分钟一次。,done,
15,aeso_system_marginal_price,This dataset contains the system marginal price (SMP) across AESO. The SMP is calculated each minute based off of the cost of the next MW dispatched to meet an additional MW of load. ,"该数据集包含AESO（阿尔伯塔省电力系统运营商）的系统边际价格（SMP）。
SMP基于为满足额外1兆瓦负荷需求而调度的下一兆瓦发电成本，每分钟计算一次。",done,
16,aeso_transmission_outages,"This dataset contains information on transmission outages across IESO. Contained in this data are transmission owners, scheduled activity, and estimated length of outages.","该数据集包含IESO（安大略省独立电力系统运营商）范围内的输电停运信息。
数据内容包括：输电所有者、计划活动以及预计停运时长。",done,
17,aeso_unit_status,"Unit-level status reports in AESO. AESO reports out the maximum capacity (MC), Total Net Generation (TNG), Gross Generation minus Asset service, and Dispatched (and Accepted) Contingency Reserve (DCR). This data is sampled every 1-2 minutes.   ","AESO（阿尔伯塔省电力系统运营商）内的机组级状态报告。
AESO报告的指标包括：最大容量（MC）、总净发电量（TNG，即总发电量减去厂用电）、以及已调度（并已接受）的事故备用（DCR）。
该数据采样频率为每1-2分钟一次。",done,
18,aeso_wind_10_min,AESO's actual wind generation at 10 minute frequency. ,AESO（阿尔伯塔省电力系统运营商）以10分钟为频率记录的实际风电发电数据。,done,
19,aeso_wind_forecast_12_hour,"This dataset contains AESO’s forecasted wind generation for the next 12 hours, calculated every 10 minutes. AESO calculates three generation forecasts: minimum, most likely, and maximum. Additionally, AESO calculates a percentage of generation compared to the current installed capacity for each forecast range. ","该数据集包含AESO（阿尔伯塔省电力系统运营商）未来12小时的风电发电预测，每10分钟计算一次。
AESO提供三种发电预测情景：最小值、最可能值、最大值。
此外，针对每种预测区间，AESO还计算了发电量相对于当前已安装容量的百分比。",done,
20,aeso_wind_forecast_7_day,"This dataset contains AESO’s forecasted wind generation for the next 7 days, calculated every hour. AESO calculates three generation forecasts: minimum, most likely, and maximum. Additionally, AESO calculates a percentage of generation compared to installed capacity for each forecast range. ","该数据集包含AESO（阿尔伯塔省电力系统运营商）未来7天的风电发电预测，每小时计算一次。
AESO提供三种发电预测情景：最小值、最可能值、最大值。
此外，针对每种预测区间，AESO还计算了发电量相对于已安装容量的百分比。",done,
21,aeso_wind_hourly,AESO's actual wind generation at an hourly frequency. ,AESO（阿尔伯塔省电力系统运营商）以小时为频率记录的实际风电发电数据。,done,
24,caiso_as_prices,"Ancillary Services Prices as reported by CAISO. Not all regions report prices for each hour, day, or even year. 

AS_CAISO, AS_CAISO_EXP, AS_NP26, AS_NP26_EXP, AS_SP26, and AS_SP26_EXP have consistent data throughout the series. AS_SP15 and AS_NP15 are nested within other zones and record prices very infrequently.

**AS Mapping**

The *_EXP show only the intertie resources.
 
-    AS_SP26_P: Resources in AS_SP26
-    AS_NP26_P: Resources in AS_NP26
-    AS_SP15_P: Resources in AS_SP15
-    AS_NP15_P: Resources in AS_NP15
-    AS_SP26_EXP_P: Resources in AS_SP26_EXP which are not in AS_SP26
-    AS_NP26_EXP_P: Resources in AS_NP26_EXP which are not in AS_NP26
-    AS_SP15_EXP_P: Resources in AS_SP15_EXP which are not in AS_SP15
-    AS_NP15_EXP_P: Resources in AS_NP15_EXP which are not in AS_NP15
-    AS_CAISO_NP26_P: Resources in AS_CAISO which are not in AS_SP26
-    AS_CAISO_SP26_P: Resources in AS_CAISO which are not in AS_NP26
-    AS_CAISO_NP15_P: Resources in AS_CAISO which are not in AS_SP15
-    AS_CAISO_SP15_P: Resources in AS_CAISO which are not in AS_NP15","CAISO（加州独立系统运营商）报告的辅助服务价格。并非所有区域在每个小时、每天甚至每年都有价格报告。

在系列数据中，AS_CAISO、AS_CAISO_EXP、AS_NP26、AS_NP26_EXP、AS_SP26和AS_SP26_EXP均保持一致的数据。AS_SP15和AS_NP15嵌套在其他区域内，记录价格的频率非常低。

AS映射说明

带 *_EXP 后缀的项仅显示联络线资源。

- AS_SP26_P：AS_SP26区域内的资源
- AS_NP26_P：AS_NP26区域内的资源
- AS_SP15_P：AS_SP15区域内的资源
- AS_NP15_P：AS_NP15区域内的资源
- AS_SP26_EXP_P：属于AS_SP26_EXP但不属于AS_SP26的资源
- AS_NP26_EXP_P：属于AS_NP26_EXP但不属于AS_NP26的资源
- AS_SP15_EXP_P：属于AS_SP15_EXP但不属于AS_SP15的资源
- AS_NP15_EXP_P：属于AS_NP15_EXP但不属于AS_NP15的资源
- AS_CAISO_NP26_P：属于AS_CAISO但不属于AS_SP26的资源
- AS_CAISO_SP26_P：属于AS_CAISO但不属于AS_NP26的资源
- AS_CAISO_NP15_P：属于AS_CAISO但不属于AS_SP15的资源
- AS_CAISO_SP15_P：属于AS_CAISO但不属于AS_NP15的资源",done,
25,caiso_as_procurement_dam,"Ancillary services procurement data from CAISO.
Includes total MW procured and costs.  Corresponds
to CAISO AS_RESULTS dataset on OASIS. See caiso_as_prices dataset
for per MW prices that result from market run.","来自CAISO（加州独立系统运营商）的辅助服务采购数据。
包含采购的总兆瓦数及成本。该数据对应于OASIS平台上的CAISO AS_RESULTS数据集。
关于市场运行产生的每兆瓦价格，请参阅caiso_as_prices数据集。",done,
26,caiso_branch_shadow_prices_dam_hourly,"Hourly day-ahead constraint pricing in CAISO at each Nomogram and Branch. 

CAISO uses Nomograms to: “define a constraint relationship between two power system MW variables.”  See section 3.1.7 of the Market+Operations Business Practice Manual for more information on CAISO’s use of Nomograms. ","CAISO（加州独立系统运营商）内每个列线图和支路的日前小时级约束电价。

CAISO使用列线图来“定义两个电力系统兆瓦变量之间的约束关系”。有关CAISO使用列线图的更多信息，请参阅《市场+运营业务实践手册》第3.1.7节。",done,
27,caiso_branch_shadow_prices_hasp_hourly,"Constraint pricing in CAISO at each Nomogram and Branch from the hour-ahead scheduling process. 

CAISO uses Nomograms to: “define a constraint relationship between two power system MW variables.”  See section 3.1.7 of the Market+Operations Business Practice Manual for more information on CAISO’s use of Nomograms. ","CAISO（加州独立系统运营商）内每个列线图和支路在小时前调度过程中产生的约束电价。

CAISO使用列线图来“定义两个电力系统兆瓦变量之间的约束关系”。有关CAISO使用列线图的更多信息，请参阅《市场+运营业务实践手册》第3.1.7节。",done,
28,caiso_branch_shadow_prices_rtm_5_min,"Five-minute real-time constraint pricing in CAISO at each Nomogram and Branch. 

CAISO uses Nomograms to: “define a constraint relationship between two power system MW variables.”  See section 3.1.7 of the Market+Operations Business Practice Manual for more information on CAISO’s use of Nomograms. ","CAISO（加州独立系统运营商）内每个列线图和支路的五分钟实时约束电价。

CAISO使用列线图来“定义两个电力系统兆瓦变量之间的约束关系”。有关CAISO使用列线图的更多信息，请参阅《市场+运营业务实践手册》第3.1.7节。",done,
29,caiso_branch_shadow_prices_rtpd_15_min,"Fifteen-minute real-time pre-dispatch constraint pricing in CAISO at each Nomogram and Branch. 

CAISO uses Nomograms to: “define a constraint relationship between two power system MW variables.”  See section 3.1.7 of the Market+Operations Business Practice Manual for more information on CAISO’s use of Nomograms. ","CAISO（加州独立系统运营商）内每个列线图和支路的十五分钟实时预调度约束电价。

CAISO使用列线图来“定义两个电力系统兆瓦变量之间的约束关系”。有关CAISO使用列线图的更多信息，请参阅《市场+运营业务实践手册》第3.1.7节。",done,
30,caiso_curtailed_non_operational_generator_report,"Prior Day Curtailed Non-Operational Generator Report as reported by CAISO.

Glossary: https://www.caiso.com/glossary","CAISO（加州独立系统运营商）报告的“前日削减的非运行发电机报告”。

术语表：https://www.caiso.com/glossary",done,
31,caiso_curtailment,"Daily Curtailment data as reported by CAISO.

Note: CAISO did not publish curtailment reports for 2024-07-26 and 2024-07-27.","CAISO（加州独立系统运营商）报告的每日弃电（削减）数据。

注意：CAISO未发布2024年7月26日和2024年7月27日的弃电报告。",done,
32,caiso_curtailment_aggregated_hourly,"CAISO curtailment aggregated by wind and solar on an hourly basis. For more granular data, on curtailment type and reason, see the caiso_curtailment dataset.",CAISO（加州独立系统运营商）按风电和太阳能聚合的小时级弃电（削减）数据。如需按弃电类型和原因查看更细粒度的数据，请参阅caiso_curtailment数据集。,done,
33,caiso_edam_wind_solar_forecast,"Day-ahead, hourly, wind and solar forecasts for balancing areas participating in the extended day-ahead market (EDAM).

Published once per day.","针对参与扩展日前市场（EDAM）的平衡区域提供的日前、小时级风电和太阳能预测。
每日发布一次。",done,
34,caiso_fuel_mix,"Fuel Mix in 5 minute intervals as reported by CAISO.

⚠️ For this data, CAISO reports only 24 hours even on DST days when 25 are reported elsewhere.","CAISO（加州独立系统运营商）报告的5分钟间隔燃料结构数据。

⚠️ 对于此数据，即使在夏令时（DST）当天其他数据源报告了25小时，CAISO也仅报告24小时。",done,
35,caiso_fuel_prices,Hourly natural fuel prices in $/MMBtu by fuel region.,按燃料区域划分的小时级天然气燃料价格，单位为美元/百万英热单位（$/MMBtu）。,done,
36,caiso_fuel_prices_and_descriptions,"Fuel prices as reported by CAISO with detailed names and descriptions where available.

For the raw fuel price data, see [CAISO Fuel Prices](https://www.gridstatus.io/datasets/caiso_fuel_prices).","CAISO（加州独立系统运营商）报告的燃料价格，附带详细名称和描述（如有）。

如需原始燃料价格数据，请参阅 CAISO燃料价格数据集。",done,
37,caiso_fuel_regions,"List of ISO fuel regions and electric regions with IDs, names, and descriptions.",ISO（独立系统运营商）燃料区域和电力区域的列表，包含ID、名称和描述。,done,
38,caiso_intertie_constraint_shadow_prices_real_time_5_min,"Five-minute constraint pricing in CAISO at both transmission interfaces and intertie constraints.
",CAISO（加州独立系统运营商）内输电接口和联络线约束的五分钟约束电价。,done,
39,caiso_ir_rc_prices,"Day-ahead prices for Imbalance Reserves and Reliability Capacity in CAISO. The Marginal Clearing Price for Reliability Capacity is comprised of Capacity Price, Congestion Price, and Loss Price, while Imbalance Reserves only have Capacity and Congestion components.

  • IRU: Imbalance Reserves Up

  • IRD: Imbalance Reserves Down

  • RCD: Reliability Capacity Down 

  • RCU: Reliability Capacity Up","CAISO（加州独立系统运营商）中不平衡备用和可靠性容量的日前价格。可靠性容量的边际出清价格由容量价格、阻塞价格和损耗价格组成，而不平衡备用仅包含容量和阻塞两个组成部分。

 • IRU：上调不平衡备用
 • IRD：下调不平衡备用
 • RCD：下调可靠性容量
 • RCU：上调可靠性容量",done,
40,caiso_lmp_dart_15_min,DART spread in CAISO between day-ahead hourly LMPs and real-time 15-minute LMPs. Hourly day-ahead values are brought to a 15-minute interval across the hour for the purposes of this dataset.,"CAISO（加州独立系统运营商）中日前小时级LMP（节点边际电价）与实时15分钟LMP之间的DART（日前与实时价差）价差。
在本数据集中，小时日前电价数值在该小时内被转换为15分钟间隔数据。",done,
41,caiso_lmp_dart_5_min,DART spread in CAISO between day-ahead hourly LMPs and real-time 5-minute LMPs. Hourly day-ahead values are brought to a five-minute interval across the hour for the purposes of this dataset.,"CAISO（加州独立系统运营商）中日前小时级LMP（节点边际电价）与实时5分钟LMP之间的DART（日前与实时价差）价差。
在本数据集中，小时日前电价数值在该小时内被转换为5分钟间隔数据。",done,
42,caiso_lmp_day_ahead_hourly,"Day-ahead hourly locational marginal prices (LMPs) for locations administered by CAISO internally as well as certain external points for which CAISO calculates day-ahead prices. Inclues AP Nodes, Trading Hubs, and Nodes.","由CAISO（加州独立系统运营商）内部管理的节点以及CAISO为其计算日前价格的部分外部节点的日前小时级节点边际电价（LMP）。
包含AP节点、交易枢纽和单个节点。",done,
43,caiso_lmp_hasp_15_min,"15-minute Locational Marginal Prices in $/MWh, for the HASP hour. Posts the LMP, plus the Congestion, Loss and Energy Components that make up the LMP. Posts the HASP Binding LMP for PNodes and APNodes relevant to Hourly Pre-Dispatched Resources. Posts the HASP Advisory LMP for PNodes and APNodes relevant to the Non-Hourly Pre-Dispatch Resources.","小时前调度时段（HASP）的15分钟节点边际电价（LMP），单位为美元/兆瓦时。
数据包含LMP及其构成部分：阻塞分量、损耗分量和能量分量。
发布与小时级预调度资源相关的PNode（物理节点）和APNode（聚合节点）的HASP约束性LMP。
发布与非小时级预调度资源相关的PNode和APNode的HASP参考性LMP。",done,
44,caiso_lmp_real_time_15_min,"Real-time 15-minute locational marginal prices (LMPs) for locations administered by CAISO internally as well as through the WEIM. Inclues AP Nodes, Trading Hubs, and Nodes.","针对CAISO（加州独立系统运营商）内部管理以及通过西部能源不平衡市场（WEIM）管理的节点的实时15分钟节点边际电价（LMP）。
包含AP节点、交易枢纽和单个节点。",done,
45,caiso_lmp_real_time_5_min,"Real-time 5-minute locational marginal prices (LMPs) for locations administered by CAISO internally as well as through the WEIM. Inclues AP Nodes, Trading Hubs, and Nodes.","针对CAISO（加州独立系统运营商）内部管理以及通过西部能源不平衡市场（WEIM）管理的节点的实时5分钟节点边际电价（LMP）。
包含AP节点、交易枢纽和单个节点。",done,
46,caiso_lmp_scheduling_point_tie_dart_15_min,DART spread in CAISO between day-ahead hourly LMPs and real-time 15-minute LMPs for scheduling point tie locations. Hourly day-ahead values are brought to a 15-minute interval across the hour for the purposes of this dataset.,"CAISO（加州独立系统运营商）中调度点联络线位置的日前小时级LMP（节点边际电价）与实时15分钟LMP之间的DART（日前与实时价差）价差。
在本数据集中，小时日前电价数值在该小时内被转换为15分钟间隔数据。",done,
47,caiso_lmp_scheduling_point_tie_dart_5_min,DART spread in CAISO between day-ahead hourly LMPs and real-time 5-minute LMPs for scheduling point tie locations. Hourly day-ahead values are brought to a 5-minute interval across the hour for the purposes of this dataset.,"CAISO（加州独立系统运营商）中调度点联络线位置的日前小时级LMP（节点边际电价）与实时5分钟LMP之间的DART（日前与实时价差）价差。
在本数据集中，小时日前电价数值在该小时内被转换为5分钟间隔数据。",done,
48,caiso_lmp_scheduling_point_tie_day_ahead_hourly,"Hourly LMPs for Scheduling Point (SP) - Intertie (Tie) combinations. Interchange schedules are settled at the relevant SP-Tie combination. Both the SP and the Tie are declared by a scheduling coordinator when submitting a bid, while for registered system resources, the SP is their PNode/APNode, and the Tie is the registered primary intertie. ","调度点（SP）与联络线（Tie）组合的小时级节点边际电价（LMP）。
电量交换计划按相应的SP-Tie组合进行结算。
在提交报价时，调度协调员需同时声明SP和Tie；而对于已注册的系统资源，其SP即为自身的PNode（物理节点）/APNode（聚合节点），Tie则为已注册的主联络线。",done,
49,caiso_lmp_scheduling_point_tie_real_time_15_min,"Fifteen-minute LMPs for Scheduling Point (SP) - Intertie (Tie) combinations. Interchange schedules are settled at the relevant SP-Tie combination. Both the SP and the Tie are declared by a scheduling coordinator when submitting a bid, while for registered system resources, the SP is their PNode/APNode, and the Tie is the registered primary intertie. ","调度点（SP）与联络线（Tie）组合的十五分钟节点边际电价（LMP）。
电量交换计划按相应的SP-Tie组合进行结算。
在提交报价时，调度协调员需同时声明SP和Tie；而对于已注册的系统资源，其SP即为自身的PNode（物理节点）/APNode（聚合节点），Tie则为已注册的主联络线。",done,
50,caiso_lmp_scheduling_point_tie_real_time_5_min,"Five-minute LMPs for Scheduling Point (SP) - Intertie (Tie) combinations. Interchange schedules are settled at the relevant SP-Tie combination. Both the SP and the Tie are declared by a scheduling coordinator when submitting a bid, while for registered system resources, the SP is their PNode/APNode, and the Tie is the registered primary intertie. 

The data is known to contain gaps originating in the CAISO Source.","调度点（SP）与联络线（Tie）组合的五分钟节点边际电价（LMP）。
电量交换计划按相应的SP-Tie组合进行结算。
在提交报价时，调度协调员需同时声明SP和Tie；而对于已注册的系统资源，其SP即为自身的PNode（物理节点）/APNode（聚合节点），Tie则为已注册的主联络线。

已知该数据存在源自CAISO数据源的缺失情况。",done,
51,caiso_load,Load in 5 minute intervals as reported by CAISO. Does not include load from storage charging.,"CAISO（加州独立系统运营商）报告的5分钟间隔负荷数据。
不包括储能充电产生的负荷。",done,
52,caiso_load_forecast,Load Forecast resampled to 5 minute intervals,重采样至5分钟间隔的负荷预测数据,done,
53,caiso_load_forecast_15_min,Load forecast in CAISO in 15-minute intervals.,CAISO（加州独立系统运营商）的15分钟间隔负荷预测数据。,done,
54,caiso_load_forecast_2_day,"Hourly load forecast data for each hour of an operating day in CAISO, published two days prior to the operating day.",CAISO（加州独立系统运营商）运行日各小时的小时级负荷预测数据，于运行日前两天发布。,done,
55,caiso_load_forecast_5_min,5-minute load forecast data from the Very Short Term Load Forecast (VSTLF) used by CAISO in Real-Time Dispatch (RTD).,CAISO（加州独立系统运营商）在实时调度（RTD）中使用的超短期负荷预测（VSTLF）所提供的5分钟负荷预测数据。,done,
56,caiso_load_forecast_7_day,"Hourly load forecast data for each hour of an operating day in CAISO, published seven days prior to the operating day.",CAISO（加州独立系统运营商）运行日各小时的小时级负荷预测数据，于运行日前七天发布。,done,
57,caiso_load_forecast_dam,"⚠️ This dataset is deprecated in favor of [CAISO Load Forecast Day Ahead](https://www.gridstatus.io/datasets/caiso_load_forecast_day_ahead). It is the same dataset from the same source, but includes all ""TAC Area Names"" rather than only the system area like this dataset. It also includes a slightly more accurate publish time.

---
Load Forecast in 1 hour intervals as reported by CAISO.

","⚠️ 该数据集已废弃，请使用 CAISO日前负荷预测数据集。
该数据集与当前数据集来源相同，但其包含所有“TAC区域名称”，而当前数据集仅包含系统区域。此外，新数据集的发布时间也更为精确。

---
CAISO（加州独立系统运营商）报告的1小时间隔负荷预测数据。",done,
58,caiso_load_forecast_day_ahead,"Hourly load forecast data for each hour of the following day, which is the operating day. This load forecast is posted prior to CAISO running the day-ahead market for the operating day.",运行日（即次日）各小时的小时级负荷预测数据。该负荷预测在CAISO（加州独立系统运营商）针对运行日运行日前市场之前发布。,done,
59,caiso_load_hourly,"Actual hourly load reported by CAISO. Unlike [`caiso_load`](/datasets/caiso_load), the reported load includes load from charging storage.",CAISO（加州独立系统运营商）报告的实际小时负荷。与 caiso_load 数据集不同，此处报告的负荷包含储能充电产生的负荷。,done,
60,caiso_net_interchange_real_time,"Five-minute, real-time interchange in the West via CAISO data presented as a summarized view of flows between balacing authorities to enable easier BA-level analysis.

This view sums the MW values for each 5 minute interval for each unique pairing of from and to. This view does not contain individual ties. For tie-level data, refer to [caiso_tie_flows_real_time_5_min](https://www.gridstatus.io/datasets/caiso_tie_flows_real_time_5_min).","通过CAISO（加州独立系统运营商）数据呈现的西部五分钟实时电量交换，以平衡区域之间潮流的汇总视图形式提供，便于进行区域级（BA级）分析。

该视图汇总了每个五分钟间隔内，每个“送出-接收”唯一配对下的兆瓦值，不包含单个联络线的数据。如需联络线级数据，请参阅 caiso_tie_flows_real_time_5_min。",done,
61,caiso_outages_aggregated_hourly,"CAISO Outages Aggregated by forced and planned on an hourly basis. For generator level data including the reason, see the caiso_curtailed_non_operational_generator dataset.",CAISO（加州独立系统运营商）按强制停运和计划停运聚合的小时级停运数据。如需包含停运原因的机组级数据，请参阅caiso_curtailed_non_operational_generator数据集。,done,
62,caiso_records,Top 10 daily records for various metrics in CAISO,CAISO（加州独立系统运营商）内各项指标的每日前十名记录,done,
63,caiso_records_timeseries,Timeline of new records for CAISO,CAISO（加州独立系统运营商）新记录的时间线,done,
64,caiso_renewables_forecast_dam,"Day-ahead solar and wind forecasts by trading hub as reported by CAISO.

Includes data for solar and wind in CAISO, ZP26, SP15, and NP15.","CAISO（加州独立系统运营商）报告的按交易枢纽划分的日前太阳能和风电预测。

包含CAISO、ZP26、SP15和NP15区域的太阳能和风电数据。",done,
65,caiso_renewables_forecast_hasp,"The Hour-Ahead Scheduling Process (HASP) renewables forecast published by CAISO. This is an hourly forecast published roughly 90 minutes before the forecasted interval.

Includes data for solar and wind in ZP26, SP15, and NP15.","CAISO（加州独立系统运营商）发布的小时前调度流程（HASP）可再生能源预测。这是一个小时级预测，大约在预测时段开始前90分钟发布。

包含ZP26、SP15和NP15区域的太阳能和风电数据。",done,
66,caiso_renewables_forecast_rtd,"The five-minute Real-Time Dispatch (RTD) renewables forecast published by CAISO. Forecast data is published roughly 2.5 minutes before the forecasted interval.

Includes data for solar and wind in ZP26, SP15, and NP15.","CAISO（加州独立系统运营商）发布的五分钟实时调度（RTD）可再生能源预测。预测数据大约在预测时段开始前2.5分钟发布。

包含ZP26、SP15和NP15区域的太阳能和风电数据。",done,
67,caiso_renewables_forecast_rtpd,The FMM RTPD renewables forecast published by the market operator. Forecast data is published roughly 22.5 minutes before the forecasted interval.,由市场运营机构发布的FMM RTPD（15分钟实时预调度）可再生能源预测。预测数据大约在预测时段开始前22.5分钟发布。,done,
68,caiso_renewables_hourly,"Actual hourly generation from wind and solar in CAISO. 

Includes data for all of CAISO as well as ZP26, SP15, and NP15.","CAISO（加州独立系统运营商）内风电和太阳能的实际小时发电量。

包含整个CAISO区域以及ZP26、SP15和NP15区域的数据。",done,
69,caiso_seven_day_resource_adequacy_outlook,"Seven-day resource adequacy outlook in CAISO. Includes demand forecasts as well as RA (resource adequacy) forecasts and credits, along with reserve requirements.",CAISO（加州独立系统运营商）的七天资源充裕度展望。包含需求预测、RA（资源充裕度）预测和信用额度，以及备用要求。,done,
70,caiso_solar_and_wind_forecast_dam,Day-ahead solar and wind forecasts by trading hub as reported by CAISO.,CAISO（加州独立系统运营商）报告的按交易枢纽划分的日前太阳能和风电预测。,done,
71,caiso_standardized_5_min,"This table is a curated set of five-minute data for CAISO. All standardized datasets are intended to speed up analysis and feature engineering work by providing commonly used data series in one denormalized table. 

The standardized datasets are a convenience for API users who only want to query one dataset for each ISO. If you plan on loading in every dataset or want to work with multiple series alone or together it is recommended to pull the individual datasets to have full visibility into each one.

⚠️ Not all data series are present for the entire length of the dataset. This can occur due to a lack of historical data or the publication of new core datasets by an ISO.","此表格是CAISO（加州独立系统运营商）经过精选的五分钟数据集合。所有标准化数据集旨在通过在一个非规范化表中提供常用的数据系列，来加速分析和特征工程工作。

标准化数据集是为API用户提供的便利，方便他们只需查询每个ISO的一个数据集即可。如果您计划加载所有数据集，或希望单独或组合使用多个数据系列，建议拉取各个独立的数据集，以便完全了解每个数据集的详情。

⚠️ 并非所有数据系列在整个数据集的时间范围内都存在。这可能是由于历史数据缺失或ISO发布了新的核心数据集所致。",done,
72,caiso_standardized_hourly,"This table is a curated set of hourly data for CAISO. All standardized datasets are intended to speed up analysis and feature engineering work by providing commonly used data series in one denormalized table. Data in this feed is resampled to an hourly frequency from five minutes.

The standardized datasets are a convenience for API users who only want to query one dataset for each ISO. If you plan on loading in every dataset or want to work with multiple series alone or together it is recommended to pull the individual datasets to have full visibility into each one.

⚠️ Not all data series are present for the entire length of the dataset. This can occur due to a lack of historical data or the publication of new core datasets by an ISO.","此表格是CAISO（加州独立系统运营商）经过精选的小时级数据集合。所有标准化数据集旨在通过在一个非规范化表中提供常用的数据系列，来加速分析和特征工程工作。此数据源中的数据是从五分钟频率重采样为小时频率。

标准化数据集是为API用户提供的便利，方便他们只需查询每个ISO的一个数据集即可。如果您计划加载所有数据集，或希望单独或组合使用多个数据系列，建议拉取各个独立的数据集，以便完全了解每个数据集的详情。

⚠️ 并非所有数据系列在整个数据集的时间范围内都存在。这可能是由于历史数据缺失或ISO发布了新的核心数据集所致。",done,
73,caiso_storage,Data on storage and hybrid resources as reported by CAISO.,CAISO（加州独立系统运营商）报告的储能和混合资源数据。,done,
74,caiso_storage_awards_fmm,"Energy and ancillary services awards to storage resources in CAISO in the Fifteen-Minute Market (FMM). Includes both Standalone and Hybrid storage resources.
Data from the CAISO Daily Energy Storage report is typically published only on weekdays, delayed by 1-2 days, and sometimes delayed 4 days or longer.","CAISO（加州独立系统运营商）内储能在十五分钟市场（FMM）中获得的能量和辅助服务中标量。包括独立储能和混合储能资源。

数据来源于CAISO每日储能报告，通常在仅工作日发布，延迟1-2天，有时可能延迟4天或更长时间。",done,
75,caiso_storage_awards_ifm,"Hourly energy and ancillary services awards to storage resources in CAISO in the Integrated Forward Market (IFM). Includes both Standalone and Hybrid storage resources.
Data from the CAISO Daily Energy Storage report is typically published only on weekdays, delayed by 1-2 days, and sometimes delayed 4 days or longer.","CAISO（加州独立系统运营商）内储能在综合日前市场（IFM）中获得的小时级能量和辅助服务中标量。包括独立储能和混合储能资源。

数据来源于CAISO每日储能报告，通常在仅工作日发布，延迟1-2天，有时可能延迟4天或更长时间。",done,
76,caiso_storage_awards_rtd,"Five-minute (RTD) energy awards to storage resources in CAISO. Includes both Standalone and Hybrid resources.
Data from the CAISO Daily Energy Storage report is typically published only on weekdays, delayed by 1-2 days, and sometimes delayed 4 days or longer.","CAISO（加州独立系统运营商）内储能在五分钟实时调度（RTD）中获得的能量中标量。包括独立储能和混合储能资源。

数据来源于CAISO每日储能报告，通常在仅工作日发布，延迟1-2天，有时可能延迟4天或更长时间。",done,
77,caiso_storage_energy_awards_ruc,"Hourly RUC energy awards to storage resources in CAISO. Includes both Standalone and Hybrid resources. Data from the CAISO Daily Energy Storage report is typically published only on weekdays, delayed by 1-2 days, and sometimes delayed 4 days or longer.","CAISO（加州独立系统运营商）内储能在剩余机组承诺（RUC）中获得的小时级能量中标量。包括独立储能和混合储能资源。

数据来源于CAISO每日储能报告，通常在仅工作日发布，延迟1-2天，有时可能延迟4天或更长时间。",done,
78,caiso_storage_energy_bids_fmm,"Energy bids for storage in CAISO from the fifteen-minute market (FMM). Includes values for both Standalone and Hybrid projects. 
Data from the CAISO Daily Energy Storage report is typically published only on weekdays, delayed by 1-2 days, and sometimes delayed 4 days or longer.","CAISO（加州独立系统运营商）内储能在十五分钟市场（FMM）中的能量报价。包含独立储能项目和混合储能项目的数值。

数据来源于CAISO每日储能报告，通常在仅工作日发布，延迟1-2天，有时可能延迟4天或更长时间。",done,
79,caiso_storage_energy_bids_ifm,"Energy bids for storage in CAISO from the Integrated Forward Market (IFM). Includes values for both Standalone and Hybrid projects. Data from the CAISO Daily Energy Storage report is typically published only on weekdays, delayed by 1-2 days, and sometimes delayed 4 days or longer.","CAISO（加州独立系统运营商）内储能在综合日前市场（IFM）中的能量报价。包含独立储能项目和混合储能项目的数值。

数据来源于CAISO每日储能报告，通常在仅工作日发布，延迟1-2天，有时可能延迟4天或更长时间。",done,
80,caiso_storage_soc_fmm,"Fifteen-minute market (FMM) storage state of charge in CAISO. This only includes standalone storage.

Data from the CAISO Daily Energy Storage report is typically published only on weekdays, delayed by 1-2 days, and sometimes delayed 4 days or longer.","CAISO（加州独立系统运营商）内储能在十五分钟市场（FMM）中的荷电状态。此数据仅包含独立储能。

数据来源于CAISO每日储能报告，通常在仅工作日发布，延迟1-2天，有时可能延迟4天或更长时间。",done,
81,caiso_storage_soc_hourly,"Energy bids for storage in CAISO from the fifteen-minute market (FMM). Includes values for both Standalone and Hybrid projects. 
Data from the CAISO Daily Energy Storage report is typically published only on weekdays, delayed by 1-2 days, and sometimes delayed 4 days or longer.","CAISO（加州独立系统运营商）内储能在十五分钟市场（FMM）中的能量报价。包含独立储能项目和混合储能项目的数值。

数据来源于CAISO每日储能报告，通常在仅工作日发布，延迟1-2天，有时可能延迟4天或更长时间。",done,
82,caiso_storage_soc_rtd,"Five-minute (RTD) storage state of charge in CAISO. This only includes standalone storage. Data from the CAISO Daily Energy Storage report is typically published only on weekdays, delayed by 1-2 days, and sometimes delayed 4 days or longer. ","CAISO（加州独立系统运营商）内储能在五分钟实时调度（RTD）中的荷电状态。此数据仅包含独立储能。

数据来源于CAISO每日储能报告，通常在仅工作日发布，延迟1-2天，有时可能延迟4天或更长时间。",done,
83,caiso_system_load_and_resource_schedules_day_ahead,"Day-ahead hourly CAISO system schedule. Includes generation, imports, and exports per TAC Area to balance the CAISO system.",CAISO（加州独立系统运营商）日前小时级系统调度计划。包含按TAC区域划分的发电量、进口电量和出口电量，以实现CAISO系统的平衡。,done,
84,caiso_system_load_and_resource_schedules_hasp,"HASP hourly CAISO system schedule. Includes generation, imports, and exports per TAC Area to balance the CAISO system.",HASP（小时前调度流程）下的小时级CAISO（加州独立系统运营商）系统调度计划。包含按TAC区域划分的发电量、进口电量和出口电量，以实现CAISO系统的平衡。,done,
85,caiso_system_load_and_resource_schedules_real_time_5_min,"Real-time 5-minute CAISO system schedule. Includes generation, imports, and exports per TAC Area to balance the CAISO system.",CAISO（加州独立系统运营商）实时五分钟系统调度计划。包含按TAC区域划分的发电量、进口电量和出口电量，以实现CAISO系统的平衡。,done,
86,caiso_system_load_and_resource_schedules_ruc,"RUC hourly CAISO system schedule. Includes generation, imports, and exports per TAC Area to balance the CAISO system.",RUC（剩余机组承诺）下的小时级CAISO（加州独立系统运营商）系统调度计划。包含按TAC区域划分的发电量、进口电量和出口电量，以实现CAISO系统的平衡。,done,
87,caiso_tie_flows_real_time_15_min,Fifteen-minute real-time CAISO tie data. Includes all transfers within the EIM.,CAISO（加州独立系统运营商）的十五分钟实时联络线数据。包含EIM（西部能源不平衡市场）内的所有电量传输。,done,
88,caiso_tie_flows_real_time_5_min,Five-minute real-time CAISO tie data. Includes all transfers within the EIM.,CAISO（加州独立系统运营商）的五分钟实时联络线数据。包含EIM（西部能源不平衡市场）内的所有电量传输。,done,
89,eia_ba_interchange_hourly,"Balancing Authority (BA) Interchange Data in hourly intervals as reported in the EIA-930 dataset. This dataset contains both ""to"" and ""from"" for each BA.

⚠️ For the most accurate and up to date ISO/RTO interchange data, we recommend using their respective datasets instead.

 📝 This dataset was utilized in *[SPP Expansion Provides a Blueprint for the Future of the Grid](https://blog.gridstatus.io/spp-expansion-west/)*

ℹ️ We recheck historical data for 30 days after publication in case of updates. Updates are applied only when the new values are non-null.","EIA-930数据集中报告的平衡区域（BA）小时级电量交换数据。该数据集包含每个BA的“送出”和“接收”方向数据。

⚠️ 为获取最准确和最新的ISO/RTO交换数据，我们建议使用各自区域的数据集。

 📝 该数据集被用于文章 SPP扩展为电网未来提供蓝图

ℹ️ 我们在数据发布后30天内会重新核对历史数据，以应对可能的更新。只有当新值为非空时才会应用更新。",done,
90,eia_co2_emissions,"Hourly emissions data for each EIA area. Includes Balancing Authorities and Regions. Emissions from generation, imports, and exports reported in metric tons. Emissions intensity reported in lbs/KWh","EIA（美国能源信息署）各区域的小时级排放数据。涵盖平衡区域和地理区域。
数据包含来自发电、进口和出口的排放量，单位为公吨。排放强度单位为磅/千瓦时。",done,
91,eia_fuel_mix_hourly,"Hourly fuel mix for all regions and balancing authorities in the United States as reported by the EIA-930 dataset.

ℹ️ EIA data can be delayed or revised. To avoid missing updates, we:
* Check for new data and revisions throughout the day for the previous 24 hours.
* At 04:00 UTC, recheck the past 30 days for any changes.
In both cases, updates are only applied when the new values are non-null.

⚠️ For the most accurate and up to date ISO/RTO fuel data, we recommend using their respective datasets instead.

📝 This dataset was utilized in *[SPP Expansion Provides a Blueprint for the Future of the Grid](https://blog.gridstatus.io/spp-expansion-west/)*
","EIA-930数据集报告的美国所有区域和平衡区域的小时级燃料结构数据。

ℹ️ EIA数据可能存在延迟或修订。为避免遗漏更新，我们采取以下措施：
* 全天持续检查前24小时的新数据和修订数据。
* 在UTC时间04:00，重新核对过去30天的数据以查找任何变更。
在上述两种情况下，只有当新值为非空时才会应用更新。

⚠️ 为获取最准确和最新的ISO/RTO燃料数据，我们建议使用各自区域的数据集。

📝 该数据集被用于文章 SPP扩展为电网未来提供蓝图",done,
92,eia_henry_hub_natural_gas_spot_prices_daily,"Natural Gas Spot and Futures Prices

- Spot prices are based on delivery at the Henry Hub in Louisiana
- Futures prices are official daily closing prices at 2:30 p.m. from the trading floor of the New York Mercantile Exchange (NYMEX) for a specific delivery month.

⚠️ This feed is refreshed once a week and does not include weekends and holidays.

**NOTE**: Futures prices do not extend beyond April 5, 2024","天然气现货和期货价格

- 现货价格基于路易斯安那州亨利枢纽（Henry Hub）的交割价格
- 期货价格为纽约商品交易所（NYMEX）交易大厅于下午2:30发布的特定交割月份的官方每日收盘价

⚠️ 此数据源每周刷新一次，不包含周末和节假日数据。

注意：期货价格数据不提供2024年4月5日之后的日期。",done,
93,eia_monthly_generator_inventory_canceled_or_postponed,"List containing generators which have had construction postponed and or canceled, as well as unit specific information such as location, capacity, and fuel source published by the Energy Information Administration (EIA). 

This data is updated on a monthly basis, though is lagged by several weeks for the previous month.","包含建设被推迟和/或取消的发电机组的清单，以及机组特定信息，如位置、容量和燃料来源，由美国能源信息署（EIA）发布。

此数据每月更新一次，但相对于上个月的数据会有数周的延迟。",done,
94,eia_monthly_generator_inventory_operating,"List of operating power plants in the United States and their characteristics from the Energy Information Administration (EIA).

This data is updated on a monthly basis and lagged by several weeks for the previous month. This data does not include retired or planned power plants.","美国在运发电厂列表及其特性数据，来源于美国能源信息署（EIA）。

此数据每月更新一次，相对于上个月的数据会有数周的延迟。该数据不包含已退役或计划建设的发电厂。",done,
95,eia_monthly_generator_inventory_planned,"List containing generators published by the Energy Information Administration (EIA) which are currently planned or under development. Project status is indicated in the status column. Additionally, this dataset contains unit specific information such as location, capacity, fuel source, as well as the planned operation month and year.

This data is updated on a monthly basis, though is lagged by several weeks for the previous month.","由美国能源信息署（EIA）发布的包含当前正在规划或开发中的发电机组的清单。项目状态在状态列中标注。此外，该数据集包含机组特定信息，如位置、容量、燃料来源以及计划的投运月份和年份。

此数据每月更新一次，但相对于上个月的数据会有数周的延迟。",done,
96,eia_monthly_generator_inventory_retired,"List containing retired generators, as well as unit specific information such as location, capacity, fuel source, and dates of operation, published by the Energy Information Administration (EIA). 

This data is updated on a monthly basis, though is lagged by several weeks for the previous month.","包含已退役发电机组及其特定信息（如位置、容量、燃料来源及运行日期）的清单，由美国能源信息署（EIA）发布。

此数据每月更新一次，但相对于上个月的数据会有数周的延迟。",done,
97,eia_monthly_plant_inventory_operating,"List of operating power plants in the United States and their characteristics from the Energy Information Administration (EIA). Notably, this dataset allows for exporting via the gs_entity_id, enabling the ability to pull historical data for specific units back to 2016.

This data is updated on a monthly basis and lagged by several weeks for the previous month. This data does not include retired or planned power plants.","美国在运发电厂列表及其特性数据，来源于美国能源信息署（EIA）。值得注意的是，该数据集支持通过gs_entity_id导出，能够追溯到2016年特定机组的历史数据。

此数据每月更新一次，相对于上个月的数据会有数周的延迟。该数据不包含已退役或计划建设的发电厂。",done,
98,eia_regional_hourly,"Hourly regional summary data as reported the EIA-930 dataset. Contains data on Load, Load Forecast, Net Generation, and Net Interchange.

ℹ️ EIA data can be delayed or revised. To avoid missing updates, we:
* Check for new data and revisions throughout the day for the previous 24 hours.
* At 04:00 UTC, recheck the past 30 days for any changes.
In both cases, updates are only applied when the new values are non-null.

⚠️ For the most accurate and up to date ISO/RTO load, generation, and interchange data, we recommend using their respective datasets instead.

","EIA-930数据集报告的美国区域小时级汇总数据。包含负荷、负荷预测、净发电量和净交换电量数据。

ℹ️ EIA数据可能存在延迟或修订。为避免遗漏更新，我们采取以下措施：
* 全天持续检查前24小时的新数据和修订数据。
* 在UTC时间04:00，重新核对过去30天的数据以查找任何变更。
在上述两种情况下，只有当新值为非空时才会应用更新。

⚠️ 为获取最准确和最新的ISO/RTO负荷、发电和交换数据，我们建议使用各自区域的数据集。",done,
99,ercot_3_day_highest_price_bids_selected_sced,"Bid price and name of the resource submitting the highest selected or dispatched bid by SCED in ERCOT.

 Published three days after the applicable operating day.","在ERCOT（德克萨斯州电力可靠性委员会）中，由SCED（安全约束经济调度）选中的最高中标或被调度报价的报价价格及提交该报价的资源名称。

于适用运行日后三天发布。",done,
100,ercot_3_day_highest_price_offered_sced,"Bid price and name of the resource submitting the highest offered bid per SCED run in ERCOT.

 Published three days after the applicable operating day.","在ERCOT（德克萨斯州电力可靠性委员会）中，每次SCED（安全约束经济调度）运行时提交的最高报价的报价价格及提交该报价的资源名称。

于适用运行日后三天发布。",done,
101,ercot_as_demand_curves_daily_ruc,"Ancillary Service Demand Curves (ASDCs) for all hours in ERCOT, used in the daily RUC process. The ASDCs are related to the elimination of the pre-RTC+B ORDC price adders and the new adder price determination process.

Implemented on December 5th, 2025, as part of ERCOT's RTC+B project.","ERCOT（德克萨斯州电力可靠性委员会）所有小时级的辅助服务需求曲线（ASDCs），用于每日RUC（剩余机组承诺）流程。ASDCs与取消RTC+B之前的ORDC价格加价以及新的加价确定流程相关。

于2025年12月5日作为ERCOT的RTC+B项目的一部分实施。",done,
102,ercot_as_demand_curves_dam_and_sced,"Ancillary Service Demand Curves (ASDCs) for all hours in ERCOT, used by both DAM and SCED in the procurement of ancillary services and to determine the Market Clearing Prices for Capacity (MCPCs). The ASDCs are related to the elimination of the pre-RTC+B ORDC price adders and the new adder price determination process.

Implemented on December 5th, 2025, as part of ERCOT's RTC+B project.","ERCOT（德克萨斯州电力可靠性委员会）所有小时级的辅助服务需求曲线（ASDCs），用于日前市场（DAM）和安全约束经济调度（SCED）的辅助服务采购以及容量市场出清价格（MCPCs）的确定。ASDCs与取消RTC+B之前的ORDC价格加价以及新的加价确定流程相关。

于2025年12月5日作为ERCOT的RTC+B项目的一部分实施。",done,
103,ercot_as_demand_curves_hourly_ruc,"Ancillary Service Demand Curves (ASDCs) in ERCOT, used in the hourly RUC process. The ASDCs are related to the elimination of the pre-RTC+B ORDC price adders and the new adder price determination process.

Implemented on December 5th, 2025, as part of ERCOT's RTC+B project.","ERCOT（德克萨斯州电力可靠性委员会）的辅助服务需求曲线（ASDCs），用于小时级RUC（剩余机组承诺）流程。ASDCs与取消RTC+B之前的ORDC价格加价以及新的加价确定流程相关。

于2025年12月5日作为ERCOT的RTC+B项目的一部分实施。",done,
104,ercot_as_demand_curves_weekly_ruc,"Ancillary Service Demand Curves (ASDCs) for all hours in ERCOT, used in the weekly RUC process. The ASDCs are related to the elimination of the pre-RTC+B ORDC price adders and the new adder price determination process.

Implemented on December 5th, 2025, as part of ERCOT's RTC+B project.","ERCOT（德克萨斯州电力可靠性委员会）所有小时级的辅助服务需求曲线（ASDCs），用于每周RUC（剩余机组承诺）流程。ASDCs与取消RTC+B之前的ORDC价格加价以及新的加价确定流程相关。

于2025年12月5日作为ERCOT的RTC+B项目的一部分实施。",done,
105,ercot_as_deployment_factors_daily_ruc,"Ancillary Service Deployment Factors (ASDFs) utilized by the Daily Reliability Unit Commitment (DRUC) process in ERCOT.

ASDFs range from 0 to 1 and represent the percentage of a particular ancillary service type that is assumed to be deployed. These values are derived from actual system conditions as well as forecasts, including demand and production from solar and wind.

Implemented on December 5th, 2025, as part of ERCOT's RTC+B project.","ERCOT（德克萨斯州电力可靠性委员会）每日可靠性机组承诺（DRUC）流程中使用的辅助服务部署因子（ASDFs）。

ASDFs的取值范围为0到1，代表假定被调用的特定辅助服务类型的百分比。这些值基于实际系统状况以及预测数据（包括负荷、太阳能和风电出力）计算得出。

于2025年12月5日作为ERCOT的RTC+B项目的一部分实施。",done,
106,ercot_as_deployment_factors_hourly_ruc,"Ancillary Service Deployment Factors (ASDFs) utilized by the Hourly Reliability Unit Commitment (HRUC) process in ERCOT.

ASDFs range from 0 to 1 and represent the percentage of a particular ancillary service type that is assumed to be deployed. These values are derived from actual system conditions as well as forecasts, including demand and production from solar and wind.

Implemented on December 5th, 2025, as part of ERCOT's RTC+B project.","ERCOT（德克萨斯州电力可靠性委员会）小时级可靠性机组承诺（HRUC）流程中使用的辅助服务部署因子（ASDFs）。

ASDFs的取值范围为0到1，代表假定被调用的特定辅助服务类型的百分比。这些值基于实际系统状况以及预测数据（包括负荷、太阳能和风电出力）计算得出。

于2025年12月5日作为ERCOT的RTC+B项目的一部分实施。",done,
107,ercot_as_deployment_factors_projected,"Projected Ancillary Service Deployment Factors (ASDFs) in ERCOT.

ASDFs range from 0 to 1 and represent the percentage of a particular ancillary service type that is assumed to be deployed. These values are derived from actual system conditions as well as forecasts, including demand and production from solar and wind.

Implemented on December 5th, 2025, as part of ERCOT's RTC+B project.","ERCOT（德克萨斯州电力可靠性委员会）的预测辅助服务部署因子（ASDFs）。

ASDFs的取值范围为0到1，代表假定被调用的特定辅助服务类型的百分比。这些值基于实际系统状况以及预测数据（包括负荷、太阳能和风电出力）计算得出。

于2025年12月5日作为ERCOT的RTC+B项目的一部分实施。",done,
108,ercot_as_deployment_factors_weekly_ruc,"Ancillary Service Deployment Factors (ASDFs) utilized by the Weekly Reliability Unit Commitment (WRUC) process in ERCOT.

ASDFs range from 0 to 1 and represent the percentage of a particular ancillary service type that is assumed to be deployed. These values are derived from actual system conditions as well as forecasts, including demand and production from solar and wind.

Implemented on December 5th, 2025, as part of ERCOT's RTC+B project.","ERCOT（德克萨斯州电力可靠性委员会）每周可靠性机组承诺（WRUC）流程中使用的辅助服务部署因子（ASDFs）。

ASDFs的取值范围为0到1，代表假定被调用的特定辅助服务类型的百分比。这些值基于实际系统状况以及预测数据（包括负荷、太阳能和风电出力）计算得出。

于2025年12月5日作为ERCOT的RTC+B项目的一部分实施。",done,
109,ercot_as_plan,"DAM Ancillary Service Plan

This dataset contains the hourly Ancillary Service requirements in ERCOT for each
hour of the current day-ahead market day as well as the following six days.

Each day’s publication contains the quantity of procurements for each Ancillary
Service type over the next 168 hours, these types include: *ERCOT Contingency
Reserve Servic*e (ECRS), *Non-Spinning Responsive Reserves* (NSPIN), *Regulation
Down* (REGDN), *Regulation Up* (REGUP), and *Responsive Reserves* (RRS).
","日前市场辅助服务计划

该数据集包含ERCOT（德克萨斯州电力可靠性委员会）当前日前市场运行日以及未来六天内每个小时的小时级辅助服务要求。

每日发布的数据包含未来168小时内每种辅助服务类型的采购量，这些服务类型包括：ERCOT事故备用服务（ECRS）、非旋转响应备用（NSPIN）、下调频（REGDN）、上调频（REGUP）和响应备用（RRS）。",done,
110,ercot_as_prices,"⚠️ This dataset is deprecated in favor of [ERCOT MCPC DAM](https://www.gridstatus.io/datasets/ercot_mcpc_dam). 

The ercot_as_prices previously had just the DAM prices, but that was not indicated in the dataset id. Additionally, the schema of the new  dataset matches the other new AS dataset: [ercot_mcpc_sced](https://www.gridstatus.io/datasets/ercot_mcpc_sced) and [ercot_mcpc_real_time_15_min](https://www.gridstatus.io/datasets/ercot_mcpc_real_time_15_min)
____


Hourly prices for Ancillary Services as reported by ERCOT from the day-ahead market run. 

Currently, these ancillary services are: *ERCOT Contingency Reserve Servic*e (ECRS), *Non-Spinning Responsive Reserves* (NSPIN), *Regulation Down* (REGDN), *Regulation Up* (REGUP), and *Responsive Reserves* (RRS)","⚠️ 该数据集已废弃，请使用 ERCOT MCPC DAM 数据集。

原有的 ercot_as_prices 数据集仅包含日前市场价格，但数据集id未体现这一点。此外，新数据集的模式与其他新增的辅助服务数据集保持一致： ercot_mcpc_sced 和 ercot_mcpc_real_time_15_min。
____

ERCOT（德克萨斯州电力可靠性委员会）从日前市场运行中报告的辅助服务小时级价格。

目前，这些辅助服务包括：ERCOT事故备用服务（ECRS）、非旋转响应备用（NSPIN）、下调频（REGDN）、上调频（REGUP）和响应备用（RRS）。",done,
111,ercot_as_reports,"**⚠️ This dataset is deprecated and has been replaced by a new dataset with the id [ercot_as_reports_dam](https://www.gridstatus.io/datasets/ercot_as_reports_dam). The schema of the new dataset is slightly different in order to handle any new ancillary service types that ERCOT may add in the future**

---

DAM Ancillary Services Reports in ERCOT with Total Cleared, Total Self-Arranged, and Bid Curves

Published with a 2 day delay around 3am central.

With the implementation of RTC+B on 12/5/2025, this dataset was modified by ERCOT to be explicitly related to the day-ahead market (DAM). Previously, all data was implicitly related to the DAM due to the lack of an ancillary services market in the real-time market.","⚠️ 该数据集已废弃，被ID为 ercot_as_reports_dam 的新数据集所取代。新数据集的模式略有不同，以处理ERCOT未来可能添加的任何新型辅助服务。

---

ERCOT（德克萨斯州电力可靠性委员会）的日前市场辅助服务报告，包含总出清量、总自安排量以及报价曲线。

数据在运行日后两天左右的中部时间凌晨3点发布。

随着2025年12月5日RTC+B的实施，ERCOT对该数据集进行了修改，使其明确针对日前市场（DAM）。此前，由于实时市场中缺乏辅助服务市场，所有数据均隐含地指向日前市场。",done,
112,ercot_as_reports_dam,"DAM Ancillary Services Reports in ERCOT with Total Cleared, Total Self-Arranged, and Bid Curves

Published with a 2 day delay around 3am central.

With the implementation of RTC+B on 12/5/2025, this dataset was modified by ERCOT to be explicitly related to the day-ahead market (DAM). Previously, all data was implicitly related to the DAM due to the lack of an ancillary services market in the real-time market.","ERCOT（德克萨斯州电力可靠性委员会）的日前市场辅助服务报告，包含总出清量、总自安排量以及报价曲线。

数据在运行日后两天左右的中部时间凌晨3点发布。

随着2025年12月5日RTC+B的实施，ERCOT对该数据集进行了修改，使其明确针对日前市场（DAM）。此前，由于实时市场中缺乏辅助服务市场，所有数据均隐含地指向日前市场。",done,
113,ercot_as_reports_sced,2-day disclosure data for real-time ancillary services offers in ERCOT. Contains the MW offered and price for each quantity for each AS product. Does not contain identifying information for the offers.,ERCOT（德克萨斯州电力可靠性委员会）实时辅助服务报价的2日披露数据。包含每种辅助服务产品每个申报量的兆瓦数和价格。数据不包含报价的识别信息。,done,
114,ercot_as_total_capability,"Total capability of resources in ERCOT available to provide both individual ancillary services as well as combinations of ancillary services. This data is per SCED run, so it may be irregular to 5-minute frequency.

Capacity per resource is determined by telemetry and then capped by the individual resource limits. Energy Storage Resources (ESRs) are further capped by Ancillary Service SCED duration requirements and current State of Charge (SOC).

Implemented on December 5th, 2025, as part of ERCOT's RTC+B project.","ERCOT（德克萨斯州电力可靠性委员会）内可用于提供单独辅助服务以及辅助服务组合的资源总能力。此数据按每次SCED（安全约束经济调度）运行提供，因此可能并非严格的5分钟频率。

每个资源的能力由遥测数据确定，然后受单个资源限值封顶。储能资源（ESRs）还进一步受到辅助服务SCED持续时间要求和当前荷电状态（SOC）的限制。

于2025年12月5日作为ERCOT的RTC+B项目的一部分实施。",done,
115,ercot_available_seasonal_capacity_forecast,"Available seasonal capacity forecast in ERCOT.

The forecasted demand (Load Forecast) and the forecasted available
seasonal capacity (Available Capacity) for the next 6 days.

The forecasted available seasonal capacity is comprised of non-renewable generators
based on seasonal capacity ratings without regard to the operating plans of these
units, minus any known outages or derates of these units, and the forecasted wind
and solar generation output.
","ERCOT（德克萨斯州电力可靠性委员会）的季节性可用容量预测。

包含未来6天的预测需求（负荷预测）和预测的季节性可用容量。

预测的季节性可用容量由以下部分构成：基于季节性额定容量（不考虑这些机组的运行计划）、减去已知的停运或降额，加上预测的风电和太阳能发电出力。",done,
116,ercot_capacity_committed,"Committed capacity in ERCOT.

The actual committed capacity (the amount of power available from
generating units that were on-line or providing operating reserves).
","ERCOT（德克萨斯州电力可靠性委员会）内的承诺容量。

即实际承诺容量（指已并网或提供运行备用的发电机组可提供的电力容量）。",done,
117,ercot_capacity_forecast,"Committed and available capacity forecast in ERCOT.

The forecasted committed capacity (Committed Capacity) and the
forecasted available capacity (Available Capacity) for the current day.

The forecasted committed capacity is based on generating units' Current Operating
Plans and change over time based on generating units' start-up and shut-down plans,
as well as forecasted wind and solar generation output.

The forecasted available capacity is the sum of:
* The forecasted committed capacity;
* Current committed capacity that is planning to go off-line but is available to
    remain on-line, and;
* Additional capacity available to come on-line, if committed at present. (The
    available capacity in each future hour takes into account the start-up time of
    each generating unit, therefore it typically increases further out in time.)
","ERCOT（德克萨斯州电力可靠性委员会）内的承诺容量和可用容量预测。

包含当前日期的预测承诺容量和预测可用容量。

预测承诺容量基于发电机组的当前运行计划，并随发电机组的启停计划以及预测的风电和太阳能发电出力而变化。

预测可用容量为以下各项之和：
* 预测承诺容量；
* 计划停运但可保持在线的当前承诺容量；以及
* 当前可调用的额外可用容量（若当下承诺调用）。（未来每个小时的可用容量考虑了每台发电机组的启动时间，因此通常会随时间推移而增加。）",done,
118,ercot_ccp_resource_names,Combined Cycle Plant (CCP) names mapping to the logical resource node names in ERCOT. Combined cycle power plants consist of multiple individual units configured together into one CCT (Combined Cycle Train).,联合循环发电厂（CCP）名称与ERCOT（德克萨斯州电力可靠性委员会）中逻辑资源节点名称的映射关系。联合循环发电厂由多个独立机组共同配置成一个联合循环机组（CCT）。,done,
119,ercot_cop_adjustment_period_snapshot_60_day,"Hourly Current Operating Plan (COP) for each Qualified Scheduling Entity (QSE) in ERCOT. Published on a 60-day delay.


RRSPFR, RRRSFFR, and RRSUFR values are null prior to their introduction into the market, while RRS values are null starting with the first market day on which the current products were implemented. ","ERCOT（德克萨斯州电力可靠性委员会）内每个合格调度实体（QSE）的小时级当前运行计划（COP）。数据延迟60天发布。

RRSPFR、RRRSFFR和RRSUFR值在引入市场之前为空值，而RRS值则从当前产品实施的第一个市场日开始为空值。",done,
120,ercot_current_conditions,"Current conditions of the ERCOT grid, including the operating status of the system.

This includes normal conditions, weather advisories, as well as Energy Emergency Alerts (EEAs)).","ERCOT（德克萨斯州电力可靠性委员会）电网的当前状况，包括系统的运行状态。

数据涵盖正常状况、天气预警以及能源紧急警报（EEAs）。",done,
122,ercot_dam_as_only_awards_60_day,AS only awards by QSE in ERCOT. 60-day delayed data.,ERCOT（德克萨斯州电力可靠性委员会）内按合格调度实体（QSE）划分的仅限辅助服务的中标量数据。延迟60天发布。,done,
123,ercot_dam_as_only_offers_60_day,AS only offers by QSE in ERCOT. 60-day delayed data.,ERCOT（德克萨斯州电力可靠性委员会）内按合格调度实体（QSE）划分的仅限辅助服务的报价数据。延迟60天发布。,done,
121,ercot_dam_asdc_aggregated,"DAM aggregated offer curves by ancillary service type in ERCOT.

Includes: REGDN, REGUP, RRSPF, RRSFF, RRSUF, ECRSS, & ECRSM.","ERCOT（德克萨斯州电力可靠性委员会）按辅助服务类型划分的日前市场聚合报价曲线。

包含以下类型：REGDN、REGUP、RRSPF、RRSFF、RRSUF、ECRSS 和 ECRSM。",done,
124,ercot_dam_energy_bid_awards_60_day,"Day-ahead, hourly awards for offers to buy energy submitted by Qualified Scheduling Entities (QSEs) in ERCOT. Includes the settlement point name as well as bid curve for each interval. 

Extracted from the file named `60d_DAM_EnergyBidAwards-DD-MMM-YY` in the archive published by ERCOT","合格调度实体（QSEs）在ERCOT（德克萨斯州电力可靠性委员会）中提交的日前小时级能量购买报价的中标结果。包含结算点名称以及每个时间间隔的报价曲线。

数据提取自ERCOT发布的存档文件中名为 60d_DAM_EnergyBidAwards-DD-MMM-YY 的文件。",done,
125,ercot_dam_energy_bids_60_day,"Day-ahead, hourly bids to buy energy submitted by Qualified Scheduling Entities (QSEs) in ERCOT. Includes the settlement point name as well as bid curve for each interval. 

Extracted from the file named `60d_DAM_EnergyBids-DD-MMM-YY` in the archive published by ERCOT
","合格调度实体（QSEs）在ERCOT（德克萨斯州电力可靠性委员会）中提交的日前小时级能量购买报价。包含结算点名称以及每个时间间隔的报价曲线。

数据提取自ERCOT发布的存档文件中名为 60d_DAM_EnergyBids-DD-MMM-YY 的文件。",done,
126,ercot_dam_energy_only_offer_awards_60_day,"Day-ahead, hourly awards for offers to sell energy submitted by Qualified Scheduling Entities (QSEs) in ERCOT. Includes the settlement point as well as the price in each interval.",合格调度实体（QSEs）在ERCOT（德克萨斯州电力可靠性委员会）中提交的日前小时级能量出售报价的中标结果。包含结算点以及每个时间间隔的价格。,done,
127,ercot_dam_energy_only_offers_60_day,"Day-ahead, hourly offers to sell energy submitted by Qualified Scheduling Entities (QSEs) in ERCOT. Includes the settlement point as well as the price in each interval.",合格调度实体（QSEs）在ERCOT（德克萨斯州电力可靠性委员会）中提交的日前小时级能量出售报价。包含结算点以及每个时间间隔的价格。,done,
128,ercot_dam_esr_60_day,"Day-ahead market data for ESRs (Energy Storage Resources) in ERCOT. Includes cost-based parameters, unit capabilities, and ancillary service awards as well as capabilities. 

This data is published with a 60-day delay.

This dataset begins on 12/6/2025, the first day with a day-ahead market following the implementation of RTC+B.","ERCOT（德克萨斯州电力可靠性委员会）中储能资源（ESRs）的日前市场数据。包含基于成本的参数、机组能力、辅助服务中标量及能力。

此数据延迟60天发布。

该数据集起始于2025年12月6日，即RTC+B实施后的第一个拥有日前市场的日期。",done,
129,ercot_dam_esr_as_offers_60_day,"Day-ahead ancillary services offers from ESRs (Energy Storage Resources) in ERCOT. Each ancillary service has its own bid curve with price-quantity pairs.

This data is published with a 60-day delay.

This dataset begins on 12/6/2025, the first day with a day-ahead market following the implementation of RTC+B.","ERCOT（德克萨斯州电力可靠性委员会）中储能资源（ESRs）提交的日前辅助服务报价。每种辅助服务都有其带有价格-数量对的独立报价曲线。

此数据延迟60天发布。

该数据集起始于2025年12月6日，即RTC+B实施后的第一个拥有日前市场的日期。",done,
130,ercot_dam_gen_resource_60_day,DAM generation resource data. Published with 60 day delay. ,日前市场发电资源数据。延迟60天发布。,done,
131,ercot_dam_gen_resource_as_offers_60_day,"Generation offers for ancillary services in ERCOT with a 60-day delay.

This dataset contains the offers to provide ancillary servies by generation resources in ERCOT. Each row contains bids across all products for a particular resource at a particular time. Services offered include ERCOT Contingency Reserve Service (ECRS), Non-Spinning Responsive Reserves (NSPIN), Regulation Down (REGDN), Regulation Up (REGUP), and Responsive Reserves (RRS).","ERCOT（德克萨斯州电力可靠性委员会）中发电资源提供的辅助服务报价数据，延迟60天发布。

该数据集包含ERCOT内发电资源提供辅助服务的报价。每一行包含特定时间特定资源在所有辅助服务产品上的报价。所提供的服务包括：ERCOT事故备用服务（ECRS）、非旋转响应备用（NSPIN）、下调频（REGDN）、上调频（REGUP）和响应备用（RRS）。",done,
132,ercot_dam_load_resource_60_day,DAM load resource data. Published with 60 day delay. ,日前市场负荷资源数据。延迟60天发布。,done,
133,ercot_dam_load_resource_as_offers_60_day,"Load offers for ancillary services in ERCOT with a 60-day delay.

This dataset contains the offers to provide ancillary servies by load resources in ERCOT. Each row contains bids across all products for a particular resource at a particular time. Services offered include ERCOT Contingency Reserve Service (ECRS), Non-Spinning Responsive Reserves (NSPIN), Regulation Down (REGDN), Regulation Up (REGUP), and Responsive Reserves (RRS).","ERCOT（德克萨斯州电力可靠性委员会）中负荷资源提供的辅助服务报价数据，延迟60天发布。

该数据集包含ERCOT内负荷资源提供辅助服务的报价。每一行包含特定时间特定资源在所有辅助服务产品上的报价。所提供的服务包括：ERCOT事故备用服务（ECRS）、非旋转响应备用（NSPIN）、下调频（REGDN）、上调频（REGUP）和响应备用（RRS）。",done,
134,ercot_dam_ptp_obligation_bid_awards_60_day,"Day-ahead, hourly, point-to-point (PTP) obligation bid awards won by Qualified Scheduling Entities (QSEs) in ERCOT. 

DAM PTP awards are purchased at the DAM price spread but settled at the real-time price spread, this allows entities to hedge congestion costs in the real-time market. Includes the source and sink settlement points as well as the bid-price pair in each interval.","合格调度实体（QSEs）在ERCOT（德克萨斯州电力可靠性委员会）中中标的日前小时级点对点（PTP）义务报价。

日前市场PTP中标量按日前价差购买，但按实时价差结算，这使得实体可以对冲实时市场中的阻塞成本。数据包含源结算点和目标结算点以及每个时间间隔的报价-价格对。",done,
135,ercot_dam_ptp_obligation_bids_60_day,"Day-ahead, hourly, point-to-point (PTP) obligation bids submitted by Qualified Scheduling Entities (QSEs) in ERCOT. 

DAM PTP awards are purchased at the DAM price spread but settled at the real-time price spread, this allows entities to hedge congestion costs in the real-time market. Includes the source and sink settlement points as well as the bid-price pair in each interval.","合格调度实体（QSEs）在ERCOT（德克萨斯州电力可靠性委员会）中提交的日前小时级点对点（PTP）义务报价。

日前市场PTP中标量按日前价差购买，但按实时价差结算，这使得实体可以对冲实时市场中的阻塞成本。数据包含源结算点和目标结算点以及每个时间间隔的报价-价格对。",done,
136,ercot_dam_ptp_obligation_option_60_day,"Day-ahead, hourly, point-to-point (PTP) obligation bids submitted by Non-Opt-In Entity (NOIE) or their Qualified Scheduling Entity (QSE) in ERCOT, which are linked to an owned Congestion Revenue Rights (CRR) option. 

DAM PTP Obligation Options are modeled as obligations but settle like an option in real-time.","由非选择加入实体（NOIE）或其合格调度实体（QSE）在ERCOT（德克萨斯州电力可靠性委员会）中提交的日前小时级点对点（PTP）义务报价，这些报价与所拥有的阻塞收益权（CRR）期权相关联。

日前市场PTP义务期权在模型中作为义务处理，但在实时市场中以期权方式结算。",done,
137,ercot_dam_ptp_obligation_option_awards_60_day,"Day-ahead, hourly, point-to-point (PTP) obligation awards to Non-Opt-In Entities (NOIEs) or their Qualified Scheduling Entity (QSE) in ERCOT, which are linked to an owned Congestion Revenue Rights (CRR) option. 

DAM PTP Obligation Options are modeled as obligations but settle like an option in real-time.","授予非选择加入实体（NOIE）或其合格调度实体（QSE）的日前小时级点对点（PTP）义务中标量，这些中标与所拥有的阻塞收益权（CRR）期权相关联。

日前市场PTP义务期权在模型中作为义务处理，但在实时市场中以期权方式结算。",done,
138,ercot_dam_system_lambda,"Day Ahead Market System Lambda as reported by ERCOT.

Hourly intervals, published once a day around 12:30pm Central for tomorrow.
","ERCOT（德克萨斯州电力可靠性委员会）报告的日前市场系统边际价格（System Lambda）。

数据为小时级间隔，每天大约中部时间下午12:30发布次日的预测值。",done,
139,ercot_dam_total_as_sold,"The total quantity of awarded day-ahead market ancillary service offers in ERCOT. This data is hourly and published once a day for the following (operating) day.


The Ancillary Services are:
* ECRS
* Non-Spin
* Regulation
* Responsive Reserves 

Implemented on December 5th, 2025, as part of ERCOT's RTC+B project.

","ERCOT（德克萨斯州电力可靠性委员会）中日前市场辅助服务报价的总中标量。此数据为小时级，每天发布一次，针对下一个运行日。

辅助服务包括：
* ECRS（ERCOT事故备用服务）
* Non-Spin（非旋转备用）
* Regulation（调频）
* Responsive Reserves（响应备用）

于2025年12月5日作为ERCOT的RTC+B项目的一部分实施。",done,
140,ercot_dam_total_energy_purchased,The total amount of energy purchased via valid energy bids per Settlement Point from the Day-Ahead Market,每个结算点在日前市场中通过有效能量报价购买的总能量。,done,
141,ercot_dam_total_energy_sold,"The total amount of energy sold via three-part supply offers, energy offer curves, and energy-only offers per Settlement Point from the Day-Ahead Market",每个结算点在日前市场中通过三部分供给报价、能量报价曲线和仅限能量报价出售的总能量。,done,
142,ercot_electrical_buses,List of ERCOT electrical buses.,ERCOT（德克萨斯州电力可靠性委员会）的电力母线列表。,done,
143,ercot_energy_storage_resources,"Energy Storage Resources as reported by ERCOT.
Includes Total Charging, Total Discharging, and Net Output","ERCOT（德克萨斯州电力可靠性委员会）报告的储能资源数据。
包含总充电功率、总放电功率和净输出功率。",done,
144,ercot_estimated_coincident_peak_load,"This dataset contains key data series related to coincident peak intervals in ERCOT as well as an estimated coincident peak load value, all in real-time. There are four fifteen-minute coincident peak intervals each year, one in each of the summer months. The estimated value in this dataset utiliizes operational load and real-time storage operations in ERCOT. 

The dataseries comprising this dataset are real-time operational data and should not be used in place of settlement data. ","此数据集包含ERCOT（德克萨斯州电力可靠性委员会）中与同时峰值时段相关的关键数据序列，以及一个估计的同时峰值负荷值，所有数据均为实时数据。每年有四个15分钟的同时峰值时段，分别出现在夏季的每个月。该数据集中的估计值利用了ERCOT的运行负荷和实时储能运行数据。

构成此数据集的数据序列为实时运行数据，不应替代结算数据使用。",done,
145,ercot_fuel_mix,Fuel Mix for ERCOT resampled to in 5 minute intervals.,重采样至5分钟间隔的ERCOT（德克萨斯州电力可靠性委员会）燃料结构数据。,done,
146,ercot_fuel_mix_detailed,"Generation, High Sustained Limit (HSL), and seasonal capacity of energy generation broken down by resource type. ",按资源类型细分的发电量、高持续限值（HSL）以及发电的季节性容量。,done,
147,ercot_fuel_mix_instantaneous,"Real-time fuel mix as reported by ERCOT, sampled every five minutes. The resource types in this dataset are *Solar*, *Wind*, *Hydro*, *Power Storage*, *Other*, *Natural Gas*, *Coal and Lignite*, and *Nuclear*.",ERCOT（德克萨斯州电力可靠性委员会）报告的实时燃料结构数据，每五分钟采样一次。该数据集中的资源类型包括：太阳能、风电、水力、储能、其他、天然气、煤炭与褐煤 和 核能。,done,
148,ercot_gen_resources,List of ERCOT generation resources.,ERCOT（德克萨斯州电力可靠性委员会）的发电资源列表。,done,
149,ercot_highest_price_as_offer_selected,"The price and name of the Entity submitting
the offer for the highest-priced selected Ancillary Service (AS) Offer in ERCOT for each hour of the operating day.

Published with a 3 day delay.","ERCOT（德克萨斯州电力可靠性委员会）中每个运行小时所选取的最高价辅助服务（AS）报价的报价价格及提交该报价的实体名称。

数据延迟3天发布。",done,
150,ercot_highest_price_as_offer_selected_dam,"The price and name of the QSE, DME, and resource submitting the offer for the highest-priced selected Ancillary Service (AS) Offer in the day-ahead market in ERCOT for each AS product in each hour of the next operating day.

Published with a 3 day delay.

Implemented on December 5th, 2025, as part of ERCOT's RTC+B project.","在ERCOT（德克萨斯州电力可靠性委员会）日前市场中，针对每个辅助服务产品，在下一个运行日的每个小时，提供价格及提交该最高价选中辅助服务（AS）报价的合格调度实体（QSE）、配电市场实体（DME）和资源的名称。

数据延迟3天发布。

于2025年12月5日作为ERCOT的RTC+B项目的一部分实施。",done,
151,ercot_highest_price_as_offer_selected_sced,"The price and name of the QSE, DME, and resource submitting the offer for the highest-priced selected Ancillary Service (AS) Offer in ERCOT for each AS product in each interval of SCED in real time

Published with a 3 day delay.

Implemented on December 5th, 2025, as part of ERCOT's RTC+B project.","在ERCOT（德克萨斯州电力可靠性委员会）实时市场中，针对每个辅助服务产品，在安全约束经济调度（SCED）的每个时间间隔，提供价格及提交该最高价选中辅助服务（AS）报价的合格调度实体（QSE）、配电市场实体（DME）和资源的名称。

数据延迟3天发布。

于2025年12月5日作为ERCOT的RTC+B项目的一部分实施。",done,
152,ercot_hourly_resource_outage_capacity_reports,"Hourly resource outage capacity reports published by ERCOT. Published every hour for the next 168 hours.



For single time series of historical actuals and latest outlook, see `hourly_resource_outage_capacity`.","ERCOT（德克萨斯州电力可靠性委员会）发布的小时级资源停运容量报告。每小时发布一次，覆盖未来168小时。

如需查看历史实际值和最新预测的单一时间序列数据，请参阅 hourly_resource_outage_capacity。",done,
153,ercot_hourly_solar_report,"⚠️ This dataset has been deprecated in favor of [ercot_solar_actual_and_forecast_by_geo_region_hourly](https://www.gridstatus.io/datasets/ercot_solar_actual_and_forecast_by_geo_region_hourly). The following changes should be considered when migrating
- `hsl_system_wide` moved from last column to 8th column

---
Hourly solar report with forecasts as published by ERCOT.

This report is published each hour and includes System-wide and geographic regional hourly averaged solar power production, forecasts, and the High Sustainable Limit (HSL) of online resources in the Current Operating Plan (COP). HSL is ERCOT's forecast of uncertailed power generation potential.

The STPPF and PVGRPP values are forecasts representing a 50% and 80% chance of exceedance respectively. These forecasts are produced for a rolling 168-hour future period with each hourly report.

On Sept 26, 2024, `hsl_system_wide` column was added","⚠️ 该数据集已废弃，请使用 ercot_solar_actual_and_forecast_by_geo_region_hourly。迁移时请考虑以下变更：
- hsl_system_wide 列从最后一列移至第8列

---
ERCOT（德克萨斯州电力可靠性委员会）发布的小时级太阳能报告及预测。

此报告每小时发布一次，包含系统范围和地理区域的小时平均太阳能发电量、预测值，以及当前运行计划（COP）中在线资源的高持续限值（HSL）。HSL是ERCOT对未削减发电潜力的预测。

STPPF和PVGRPP值分别代表超出概率为50%和80%的预测值。这些预测伴随每小时的报告，针对未来滚动168小时周期生成。

2024年9月26日，新增了 hsl_system_wide 列。",done,
154,ercot_hourly_wind_report,"⚠️ This dataset has been deprecated in favor of [ercot_wind_actual_and_forecast_hourly](https://www.gridstatus.io/datasets/ercot_wind_actual_and_forecast_hourly). The following changes should be considered when migrating:
- `actual_ column` prefix renamed to `gen_` to better match ERCOT's reporting and the solar datasets
- `hsl_system_wide` moved from last column to 8th column
---

Hourly wind report with forecasts as published by ERCOT.

This report is published each hour and includes System-wide and geographic regional hourly averaged wind power production, forecasts, and the High Sustainable Limit (HSL) of online resources in the Current Operating Plan (COP). HSL is ERCOT's forecast of uncertailed power generation potential.

The STWPF and WGRPP values are forecasts representing a 50% and 80% chance of exceedance respectively. These forecasts are produced for a rolling 168-hour future period with each hourly report.

On Sept 26, 2024, `hsl_system_wide` column was added","⚠️ 该数据集已废弃，请使用 ercot_wind_actual_and_forecast_hourly。迁移时请考虑以下变更：
- actual_ 列前缀已重命名为 gen_，以更好地匹配ERCOT的报告和太阳能数据集。
- hsl_system_wide 列从最后一列移至第8列。

---
ERCOT（德克萨斯州电力可靠性委员会）发布的小时级风电报告及预测。

此报告每小时发布一次，包含系统范围和地理区域的小时平均风电发电量、预测值，以及当前运行计划（COP）中在线资源的高持续限值（HSL）。HSL是ERCOT对未削减发电潜力的预测。

STWPF和WGRPP值分别代表超出概率为50%和80%的预测值。这些预测伴随每小时的报告，针对未来滚动168小时周期生成。

2024年9月26日，新增了 hsl_system_wide 列。",done,
155,ercot_hub_name_dc_ties,Current list of Hub names and DC Ties in ERCOT.,ERCOT（德克萨斯州电力可靠性委员会）当前枢纽名称和直流联络线列表。,done,
156,ercot_indicative_lmp_by_settlement_point,"Contains 5-minute indicative LMPs at settlement points in ERCOT. Every 5 minutes ERCOT publishes these values for the following 12 intervals in the Look Ahead SCED-RTD Study Period. Settlement points include Resource Nodes, Hubs, and Load Zones.",包含ERCOT（德克萨斯州电力可靠性委员会）各结算点的五分钟指示性节点边际电价（LMP）。每五分钟，ERCOT会发布前瞻性SCED-RTD研究周期中接下来12个时间间隔的这些值。结算点包括资源节点、枢纽和负荷区。,done,
157,ercot_indicative_mcpc_rtd,"Indicative prices for Ancillary Services as reported by ERCOT for each RTD timestamp. Each RTD timestamp produces values for 11 intervals.

Currently, these ancillary services are: *ERCOT Contingency Reserve Servic*e (ECRS), *Non-Spinning Responsive Reserves* (NSPIN), *Regulation Down* (REGDN), *Regulation Up* (REGUP), and *Responsive Reserves* (RRS).

Implemented on December 5th, 2025, as part of ERCOT's RTC+B project.","ERCOT（德克萨斯州电力可靠性委员会）报告的每个实时调度（RTD）时间戳对应的辅助服务指示性价格。每个RTD时间戳为11个时间间隔生成价格。

目前，这些辅助服务包括：ERCOT事故备用服务（ECRS）、非旋转响应备用（NSPIN）、下调频（REGDN）、上调频（REGUP）和响应备用（RRS）。

于2025年12月5日作为ERCOT的RTC+B项目的一部分实施。",done,
158,ercot_lmp_by_bus,"The Locational Marginal Price for each Electrical Bus in ERCOT,
normally produced by SCED every five minutes. 

The location type present is:

- *Electrical Bus*

See list of available locations
by using the `ercot_electrical_buses` dataset.","ERCOT（德克萨斯州电力可靠性委员会）中每个电力母线的节点边际电价（LMP），通常由安全约束经济调度（SCED）每五分钟生成一次。

存在的位置类型为：

- 电力母线

可使用 ercot_electrical_buses 数据集查看可用位置列表。",done,
159,ercot_lmp_by_bus_dam,"Day Ahead Market (DAM) Location Marginal Prices (LMP) for each Electrical Bus in ERCOT
at hourly intervals.

The location type present is:

- *Electrical Bus*","ERCOT（德克萨斯州电力可靠性委员会）中每个电力母线的日前市场（DAM）节点边际电价（LMP），数据为小时级间隔。

存在的位置类型为：

- 电力母线",done,
160,ercot_lmp_by_settlement_point,"The Locational Marginal Price (LMP) for each Settlement Point in ERCOT,
normally produced by SCED every five minutes.

The location types present are:

- *Load Zone*
- *Load Zone DC Tie*
- *Resource Node*
- *Trading Hub*","ERCOT（德克萨斯州电力可靠性委员会）中每个结算点的节点边际电价（LMP），通常由安全约束经济调度（SCED）每五分钟生成一次。

存在的位置类型包括：

- 负荷区
- 负荷区直流联络线
- 资源节点
- 交易枢纽",done,
161,ercot_lmp_dart_by_bus,DART spread in ERCOT between day-ahead hourly LMPs and real-time 5-minute LMPs by bus. Hourly day-ahead values are brought to a 5-minute interval across the hour for the purposes of this dataset.,ERCOT（德克萨斯州电力可靠性委员会）中按母线计算的日前小时级LMP（节点边际电价）与实时5分钟LMP之间的DART（日前与实时价差）价差。在本数据集中，小时日前电价数值在该小时内被转换为5分钟间隔数据。,done,
162,ercot_lmp_dart_by_settlement_point,DART spread in ERCOT between day-ahead hourly SPPs and real-time 5-minute LMPs by settlement point. Hourly day-ahead values are brought to a 5-minute interval across the hour for the purposes of this dataset.,ERCOT（德克萨斯州电力可靠性委员会）中按结算点计算的日前小时级SPP（影子价格）与实时5分钟LMP（节点边际电价）之间的DART（日前与实时价差）价差。在本数据集中，小时日前电价数值在该小时内被转换为5分钟间隔数据。,done,
163,ercot_lmp_with_adders_by_settlement_point,"This dataset combines the real-time, five-minute LMP pricing for each settlement point with the active online adder pricing to produce a five-minute view of price data that is otherwise only available in 15-minute SPPs. 

Prior to the implementation of RTB+C on 12/5/2025, the adders added to the LMP were the Real Time Online Reserve Price Adder (RTORPA) and the Real Time Online Reliability Deployment Price Adder (RTORDPA). From 12/5/2025 on, the remaining adder is the Real-time Reliability Deployment Price Adder (RTRDPA).","该数据集将各结算点的实时五分钟节点边际电价（LMP）与当前在线的附加价格相结合，提供了五分钟视角的价格数据，而此数据原本仅能以十五分钟影子价格（SPP）的形式获取。

在2025年12月5日实施RTB+C之前，附加到LMP的加价包括实时在线备用价格加价（RTORPA）和实时在线可靠性调度价格加价（RTORDPA）。自2025年12月5日起，剩余的加价为实时可靠性调度价格加价（RTRDPA）。",done,
164,ercot_load,"Five-minute load as reported by ERCOT in real-time; contains systemwide demand.

Beginning December 5th, 2025, with the implementation of RTC+B, ERCOT's real-time load reporting no longer includes wholesale storage charging.","ERCOT（德克萨斯州电力可靠性委员会）实时报告的五分钟负荷数据；包含系统范围内的需求。

自2025年12月5日RTC+B实施起，ERCOT的实时负荷报告不再包含批发储能充电负荷。",done,
165,ercot_load_15_min,"System wide actual load in 15-minute intervals as reported by ERCOT. Refreshes
every hour at 5 minutes past the hour. ",ERCOT（德克萨斯州电力可靠性委员会）报告的系统范围实际负荷，数据间隔为15分钟。每小时过5分钟刷新一次。,done,
166,ercot_load_by_forecast_zone,"Hourly load by forecast zone as reported by ERCOT.

Included zones: North, South, West, Houston, and ERCOT-wide total.","ERCOT（德克萨斯州电力可靠性委员会）报告的按预测区域划分的小时级负荷数据。

涵盖的区域包括：北部、南部、西部、休斯顿以及ERCOT系统总负荷。",done,
167,ercot_load_by_weather_zone,"Hourly load by weather zone as reported by ERCOT.

Included zones: Coast, East, Far West, North, North Central,
South, South Central, West, and ERCOT-wide total.","ERCOT（德克萨斯州电力可靠性委员会）报告的按气象区域划分的小时级负荷数据。

涵盖的区域包括：海岸、东部、远西部、北部、中北部、南部、中南部、西部以及ERCOT系统总负荷。",done,
168,ercot_load_forecast,Load Forecast reported by ERCOT resampled to 5 minute intervals.,ERCOT（德克萨斯州电力可靠性委员会）报告的负荷预测数据，重采样至5分钟间隔。,done,
169,ercot_load_forecast_by_forecast_zone,"Forecasted hourly demand by Forecast Zone and system total as reported by ERCOT.
Released every hour for the current day and six days forward.","ERCOT（德克萨斯州电力可靠性委员会）报告的按预测区域和系统总计的小时级预测需求。
每小时发布一次，覆盖当前日及未来六天。",done,
170,ercot_load_forecast_by_model,"Forecasted hourly demand by Model and Weather Zone as reported by ERCOT.
Released every hour for for the current day and the next 7.","ERCOT（德克萨斯州电力可靠性委员会）报告的按模型和气象区域划分的小时级预测需求。
每小时发布一次，覆盖当前日及未来七天。",done,
171,ercot_load_forecast_by_weather_zone,"Forecasted hourly demand by Weather Zone and system total as reported by ERCOT.
Released every hour for for the current day and six days forward.","ERCOT（德克萨斯州电力可靠性委员会）报告的按气象区域和系统总计的小时级预测需求。
每小时发布一次，覆盖当前日及未来六天。",done,
172,ercot_load_forecast_dam,The load forecast for each interval based on 14:30 CT forecast from the previous day.,基于前一日中部时间14:30预测值生成的每个时间间隔的负荷预测。,done,
173,ercot_load_hourly_post_settlements,"Hourly load data for each of ERCOT’s weather zones. This data is published for each month in the first two weeks of the following month, after settlements have been processed. 

This dataset differs from [ERCOT Load By Weather Zone](https://www.gridstatus.io/datasets/ercot_load_by_weather_zone) as that data is reported in real time.

This dataset may be updated over the course of the month in which it is initially published. ","ERCOT（德克萨斯州电力可靠性委员会）每个气象区域的小时级负荷数据。此数据在结算处理完成后，于次月的前两周内针对前一个月发布。

该数据集与 ERCOT 按气象区域负荷 的不同之处在于，后者数据为实时报告。

此数据集在首次发布的当月期间可能会进行更新。",done,
174,ercot_mcpc_dam,"Hourly prices for Ancillary Services as reported by ERCOT from the day-ahead market run. 

Currently, these ancillary services are: *ERCOT Contingency Reserve Servic*e (ECRS), *Non-Spinning Responsive Reserves* (NSPIN), *Regulation Down* (REGDN), *Regulation Up* (REGUP), and *Responsive Reserves* (RRS)

Implemented on December 5th, 2025, as part of ERCOT's RTC+B project.","ERCOT（德克萨斯州电力可靠性委员会）从日前市场运行中报告的辅助服务小时级价格（容量市场出清价格，MCPC）。

目前，这些辅助服务包括：ERCOT事故备用服务（ECRS）、非旋转响应备用（NSPIN）、下调频（REGDN）、上调频（REGUP）和响应备用（RRS）。

于2025年12月5日作为ERCOT的RTC+B项目的一部分实施。",done,
176,ercot_mcpc_real_time_15_min,"Prices for Ancillary Services as reported by ERCOT for each 15-minute interval. 

Currently, these ancillary services are: *ERCOT Contingency Reserve Servic*e (ECRS), *Non-Spinning Responsive Reserves* (NSPIN), *Regulation Down* (REGDN), *Regulation Up* (REGUP), and *Responsive Reserves* (RRS).

Implemented on December 5th, 2025, as part of ERCOT's RTC+B project.","ERCOT（德克萨斯州电力可靠性委员会）报告的每个15分钟时间间隔的辅助服务价格（容量市场出清价格，MCPC）。

目前，这些辅助服务包括：ERCOT事故备用服务（ECRS）、非旋转响应备用（NSPIN）、下调频（REGDN）、上调频（REGUP）和响应备用（RRS）。

于2025年12月5日作为ERCOT的RTC+B项目的一部分实施。",done,
177,ercot_mcpc_sced,"Prices for Ancillary Services as reported by ERCOT for each SCED run in real-time. 

Currently, these ancillary services are: *ERCOT Contingency Reserve Servic*e (ECRS), *Non-Spinning Responsive Reserves* (NSPIN), *Regulation Down* (REGDN), *Regulation Up* (REGUP), and *Responsive Reserves* (RRS).

Implemented on December 5th, 2025, as part of ERCOT's RTC+B project.","ERCOT（德克萨斯州电力可靠性委员会）报告的实时市场中每次安全约束经济调度（SCED）运行的辅助服务价格（容量市场出清价格，MCPC）。

目前，这些辅助服务包括：ERCOT事故备用服务（ECRS）、非旋转响应备用（NSPIN）、下调频（REGDN）、上调频（REGUP）和响应备用（RRS）。

于2025年12月5日作为ERCOT的RTC+B项目的一部分实施。",done,
178,ercot_net_load,This dataset contains hourly net load levels across ERCOT. Net load is calculated by combining solar and wind generation and subtracting that from load. Net load is a clear metric that helps illustrate how much load is met by thermal and other dispatchable resources.,此数据集包含ERCOT（德克萨斯州电力可靠性委员会）范围内的小时级净负荷水平。净负荷的计算方法是将太阳能和风电发电量合并后从总负荷中减去。净负荷是一个清晰的指标，有助于说明有多少负荷是由火电和其他可调度资源来满足的。,done,
179,ercot_net_load_forecast,"This dataset contains forecasted net load levels for the current day and next six days in ERCOT. This is calculated by combining forecasted wind and solar generation and subtracting that from load forecasts. Net load is a clear metric that helps illustrate how much load is met by thermal and other dispatchable resources, which is particularly valuable as the net load peak has grown increasingly volatile. ",此数据集包含ERCOT（德克萨斯州电力可靠性委员会）当前日及未来六天的预测净负荷水平。其计算方法是将预测的风电和太阳能发电量合并后从负荷预测中减去。净负荷是一个清晰的指标，有助于说明有多少负荷将由火电和其他可调度资源来满足，随着净负荷峰值波动日益加剧，该指标尤为有价值。,done,
180,ercot_noie_mapping,"Mapping of Non-opt-in Entities (NOIEs) to substations and electrical buses in ERCOT.

A NOIE is the default provider in its territory, which is not paticipating in the competitive retail market, and:

> at its sole discretion may authorize third party QSEs to provide Load Resource and ERS services within their service territory. ","非选择加入实体（NOIE）与ERCOT（德克萨斯州电力可靠性委员会）内变电站和电力母线的映射关系。

NOIE是其区域内未参与竞争性零售市场的默认供电服务商，并且：

> 可自行决定授权第三方合格调度实体（QSE）在其供电区域内提供负荷资源和应急备用服务（ERS）。",done,
181,ercot_operations_messages,"This dataset contains emergency alerts, actions, and events in PJM. PJM includes the priority, message type, start time, region impacts, and emergency message. ",该数据集包含PJM（宾夕法尼亚-新泽西-马里兰联合电力系统）中的紧急警报、行动和事件。PJM提供的信息包括优先级、消息类型、开始时间、受影响区域以及紧急消息内容。,done,
182,ercot_prc,"Physical Responsive Capability (PRC) in ERCOT. New data is published on an irregular frequency, but is generally multiple times per minute.

PRC is the generation and load resources that can quickly respond to sudden changes on the system. Events such as the unexpected trip of a large generator rely on fast response of other resources to fill the gap. The PRC is a measure of those other resources' capability. ","ERCOT（德克萨斯州电力可靠性委员会）中的物理响应能力（PRC）。新数据发布频率不固定，但通常每分钟多次。

PRC是指能够快速响应系统突发变化的发电资源和负荷资源。诸如大型发电机意外跳闸等事件需要依赖其他资源的快速响应来填补缺口。PRC正是衡量这些其他资源能力的一个指标。",done,
183,ercot_real_time_adders,"The Real-Time Reliability Deployment Price Adders (RTRDPAs) for energy and each ancillary service, for each SCED run in ERCOT.

This dataset also includes:
* System Lambda (λ), which is the Shadow Price for the system-wide Power Balance constraint
* Total RUC/RMR Low Dispatch Limit (LDL) relaxed
* Deployed Load Resource MWs that are added to Demand
* Energy Storage Resource Charging MWs that are added to Demand
* Total Low Sustained Limit (LSL)
* Total High Sustained Limit (HSL)

This dataset was implemented on December 5th, 2025, as part of ERCOT's RTC+B project, which modified many existing datasets related to ancillary services and system capacity while also introducing new reports.","ERCOT（德克萨斯州电力可靠性委员会）中每次安全约束经济调度（SCED）运行对应的能量和各项辅助服务的实时可靠性调度价格加价（RTRDPAs）。

该数据集还包括：
* 系统边际价格（λ），即系统范围功率平衡约束的影子价格。
* 总RUC/RMR低调度限值（LDL）松弛量。
* 已调度并添加到需求中的负荷资源兆瓦数。
* 已调度并添加到需求中的储能资源充电兆瓦数。
* 总低持续限值（LSL）。
* 总高持续限值（HSL）。

该数据集于2025年12月5日作为ERCOT的RTC+B项目的一部分实施，该项目修改了许多与辅助服务和系统容量相关的现有数据集，同时引入了新的报告。",done,
184,ercot_real_time_adders_and_reserves,"⚠️ Due to large changes in AS data post RTC+C, we've decide to retired this dataset. The historical data is still available, but will no longer receive updates.
The dataset id of the new dataset is [ercot_real_time_adders](https://www.gridstatus.io/datasets/ercot_real_time_adders). 

___

ERCOT Real-Time ORDC and Reliability Deployment Price Adders and Reserves by SCED Interval

This ERCOT dataset contains the real-time adders and reserve elements in each run of SCED. Deployed ERS and load resources are included, as are RUC/RMR LDL relaxed, and total LASL and HASL.

There are a few common elements in the columm names from ERCOT that can assist in understanding and using this dataset. Let's use RTORPA as an example:

* RT = Real-Time
* OR = Operating Reserves
* PA = Price Adder 

Collectively, these create the column RTORPA, or the Real-Time On-Line Reserve Price Adder. If you replace the OR with OFF you have the Real-Time Off-Line Reserve Price Adder. Swapping in CAP for PA changes the column from Price to Capacity, so RTOFFCAP is Real-Time Off-Line Capacity. Following from these conventions, the Real-Time On-Line Reliability Deployment Price Adder is RTORDPA.

Additional acronyms include:

* CLR = Controllable Load Resource
* RMR = Reliability Must Run
* REG = Regulation
* RRS = Responsive Reserve
* ECRS = ERCOT Contingency Reserve Service
* RUC = Reliabililty Unit Commitment","⚠️ 由于RTC+C实施后辅助服务（AS）数据发生了巨大变化，我们决定停用此数据集。历史数据仍然可用，但将不再接收更新。
新数据集的ID为 ercot_real_time_adders。

___

ERCOT（德克萨斯州电力可靠性委员会）按安全约束经济调度（SCED）间隔的实时运行备用需求曲线（ORDC）和可靠性调度价格加价及备用数据。

此ERCOT数据集包含每次SCED运行中的实时加价和备用要素。数据中包含已调度的应急备用服务（ERS）和负荷资源，以及RUC/RMR的低调度限值（LDL）松弛量，还有总LASL和总HASL。

ERCOT列名中一些常见的元素有助于理解和使用此数据集。以RTORPA为例：

* RT = 实时（Real-Time）
* OR = 运行备用（Operating Reserves）
* PA = 价格加价（Price Adder）

结合起来，构成了列名RTORPA，即实时在线备用价格加价。如果将OR替换为OFF，则得到实时离线备用价格加价。将PA替换为CAP，列的含义从价格变为容量，因此RTOFFCAP表示实时离线容量。遵循这些惯例，实时在线可靠性调度价格加价为RTORDPA。

其他缩略词包括：

* CLR = 可控负荷资源
* RMR = 可靠性必须运行
* REG = 调频
* RRS = 响应备用
* ECRS = ERCOT事故备用服务
* RUC = 可靠性机组承诺",done,
185,ercot_real_time_as_monitor,"⚠️ Due to large changes in AS data post RTC+C, we've decide to retire this dataset. The historical data is still available, but will no longer receive updates.
The dataset id of the new dataset is [ercot_system_as_capacity_monitor](https://www.gridstatus.io/datasets/ercot_system_as_capacity_monitor). 
___

Real Time AS Monitor as reported by ERCOT. Includes capacity and responsibility. Updates ~10 seconds.","⚠️ 由于RTC+C实施后辅助服务（AS）数据发生了巨大变化，我们决定停用此数据集。历史数据仍然可用，但将不再接收更新。
新数据集的ID为 ercot_system_as_capacity_monitor。
___

ERCOT（德克萨斯州电力可靠性委员会）报告的实时辅助服务监控数据。包含容量和责任信息。更新频率约为每10秒一次。",done,
186,ercot_real_time_system_conditions,"Real Time System Conditions as reported by ERCOT. This data is sampled by ERCOT out of a number of different data feeds. This dataset is useful for understanding the instantaneous condition of the grid.

Metrics include:
* Frequency
* DC Tie Flow
* System Inertia
* Wind and Solar Output
* System Demand
* Time Error","ERCOT（德克萨斯州电力可靠性委员会）报告的实时系统状况。该数据由ERCOT从多个不同的数据源中采样获取。此数据集有助于理解电网的瞬时状况。

指标包括：
* 频率
* 直流联络线潮流
* 系统惯量
* 风电和太阳能出力
* 系统需求
* 时间误差",done,
187,ercot_records,Top 10 daily records for various metrics in ERCOT,ERCOT（德克萨斯州电力可靠性委员会）内各项指标的每日前十名记录,done,
188,ercot_records_timeseries,Timeline of new records for ERCOT,ERCOT（德克萨斯州电力可靠性委员会）新记录的时间线,done,
189,ercot_reported_outages,"Report generation outages in ERCOT.

MW values of planned and forced generation outages, including energy storage
resources, currently taking place as well as any that occurred during the previous
6 days. These quantities include full outages, as well as partial reductions in
generation capability that meet reporting requirements. The values
reflect MW capability reductions relative to a generator's maximum seasonal
capability.

Includes
- Dispatchable outages
- Renewable outages
- Combined outages","ERCOT（德克萨斯州电力可靠性委员会）中报告的发电停运情况。

包含当前正在发生以及过去6天内发生的计划内和强制发电停运的兆瓦值，数据涵盖储能资源。这些数值包括完全停运，以及满足报告要求的发电能力部分减少的情况。数值反映的是相对于发电机最大季节性容量的兆瓦能力减少量。

包括：
- 可调度资源停运
- 可再生资源停运
- 综合停运",done,
190,ercot_resource_node_to_unit,Mapping of resource nodes (settlement points) to unit names and substations in ERCOT.,ERCOT（德克萨斯州电力可靠性委员会）中资源节点（结算点）到机组名称和变电站的映射关系。,done,
191,ercot_sced_as_offer_updates_in_op_hour_60_day,ERCOT resources updated offers to provide ancillary services within a real-time operating hour. This data is posted on a 60-day delay from the market day.,ERCOT（德克萨斯州电力可靠性委员会）中资源在实时运行小时内更新提供辅助服务的报价。此数据在市场日后延迟60天发布。,done,
192,ercot_sced_esr_60_day,"SCED Energy Storage Resource data. Published with 60 day delay. Contains offer curves, telemetry, and other data.

With this data you can construct the actual operations and instructions for each operationla storage unit in ERCOT. As an example, with this data it is possible to understand a unit's typical adherence to schedule and instructions by comparing the output schedule (an input to SCED) against a unit's base points (an output from SCED) and their actual telemetered net output to the grid using the columns output_schedule, base_point, and telemetered_net_output.","安全约束经济调度（SCED）的储能资源数据。延迟60天发布。包含报价曲线、遥测数据及其他信息。

利用这些数据，可以重现ERCOT中每个运行储能单元的实际操作和指令。例如，通过将输出计划（SCED的输入）与机组基点（SCED的输出）以及使用列 output_schedule、base_point 和 telemetered_net_output 获得的机组向电网实际遥测净出力进行对比，可以了解机组对计划和指令的典型遵从情况。",done,
193,ercot_sced_gen_resource_60_day,"SCED generation resource data. Published with 60 day delay. Contains offer curves, telemetry, and other data.

With this data you can construct the actual operations and instructions for each generating unit in ERCOT. As an example, with this data it is possible to understand a unit's typical adherence to schedule and instructions by comparing the output schedule (an input to SCED) against a unit's base points (an output from SCED) and their actual telemetered net output to the grid using the columns `output_schedule`, `base_point`, and `telemetered_net_output`.

⚠️ Beginning with data for 12/5/2025, the active columns in this dataset changed due to ERCOT's implementation of RTC+B. Changes include the retirement of columns, which will be null going forward, and the addition of new columns, which will be null prior to 12/5/2025.


New columns post RTC+B:
* ramp_rate_up
* ramp_rate_down
* as_capability_regup
* as_capability_regdown
* as_capability_ecrs
* as_capability_nonspin
* as_awards_nonspin
* as_awards_rrsffr
* as_awards_rrspfr
* as_awards_rrsufr
* as_awards_ecrs
* as_awards_regup
* as_awards_regdown

Columns without new data post-RTC+B:
* as_responsibility_for_rrs
* as_responsibility_for_rrsffr
* as_responsibility_for_nonspin
* as_responsibility_for_regup
* as_responsibility_for_regdown
* as_responsibility_for_ecrs
* hasl
* lasl","安全约束经济调度（SCED）的发电资源数据。延迟60天发布。包含报价曲线、遥测数据及其他信息。

利用这些数据，可以重现ERCOT（德克萨斯州电力可靠性委员会）中每个发电机组的实际运行和指令。例如，通过将输出计划（SCED的输入）与机组基点（SCED的输出）以及使用列 output_schedule、base_point 和 telemetered_net_output 获得的机组向电网实际遥测净出力进行对比，可以了解机组对计划和指令的典型遵从情况。

⚠️ 从2025年12月5日的数据开始，由于ERCOT实施了RTC+B，此数据集中的有效列发生了变化。变化包括某些列的废弃（这些列后续将变为空值），以及新增了部分列（这些列在2025年12月5日之前将为空值）。

RTC+B之后的新增列：
* ramp_rate_up（上调速率）
* ramp_rate_down（下调速率）
* as_capability_regup（上调频能力）
* as_capability_regdown（下调频能力）
* as_capability_ecrs（ECRS能力）
* as_capability_nonspin（非旋转备用能力）
* as_awards_nonspin（非旋转备用中标量）
* as_awards_rrsffr（RRSFFR中标量）
* as_awards_rrspfr（RRSPFR中标量）
* as_awards_rrsufr（RRSUFR中标量）
* as_awards_ecrs（ECRS中标量）
* as_awards_regup（上调频中标量）
* as_awards_regdown（下调频中标量）

RTC+B后不再有新数据的列：
* as_responsibility_for_rrs（RRS责任）
* as_responsibility_for_rrsffr（RRSFFR责任）
* as_responsibility_for_nonspin（非旋转备用责任）
* as_responsibility_for_regup（上调频责任）
* as_responsibility_for_regdown（下调频责任）
* as_responsibility_for_ecrs（ECRS责任）
* hasl（高辅助服务限值）
* lasl（低辅助服务限值）",done,
194,ercot_sced_load_resource_60_day,"SCED load resource data. Published with 60 day delay. Contains bid curves, telemetry, and other data.


With this data you can construct the actual operations and instructions for each load resource in ERCOT. As an example, with this data it is possible to understand a resource's typical adherence to schedule and instructions by comparing the base points (an output from SCED) and their real power consumption using the columns `base_point` and `real_power_consumption`.

For most load resources, ancillary service schedules can also be derived from this dataset. However, because energy storage resources are generation resources when discharging, it is necessary to refer to the [ERCOT SCED Generation Resource 60 Day](https://www.gridstatus.io/datasets/ercot_sced_gen_resource_60_day) dataset for a complete picture of their obligations.

⚠️ Beginning with data for 12/5/2025, the active columns in this dataset changed due to ERCOT's implementation of RTC+B. Changes include the retirement of columns, which will be null going forward, and the addition of new columns, which will be null prior to 12/5/2025.

New columns post RTC+B:
* ramp_rate_up
* ramp_rate_down
* as_capability_regup
* as_capability_regdown
* as_capability_ecrs
* as_capability_nonspin
* as_awards_nonspin
* as_awards_rrsffr
* as_awards_rrspfr
* as_awards_rrsufr
* as_awards_ecrs
* as_awards_regup
* as_awards_regdown
* self_provided_rrsffr
* self_provided_rrsufr
* self_provided_ecrs
 
Columns without new data post-RTC+B:
* as_responsibility_for_rrs
* as_responsibility_for_rrsffr
* as_responsibility_for_nonspin
* as_responsibility_for_regup
* as_responsibility_for_regdown
* as_responsibility_for_ecrs
* hasl
* lasl","安全约束经济调度（SCED）的负荷资源数据。延迟60天发布。包含报价曲线、遥测数据及其他信息。

利用这些数据，可以重现ERCOT（德克萨斯州电力可靠性委员会）中每个负荷资源的实际运行和指令。例如，通过使用列 base_point 和 real_power_consumption 对比基点（SCED的输出）和实际的有功功率消耗，可以了解资源对计划和指令的典型遵从情况。

对于大多数负荷资源，辅助服务调度也可以从此数据集中推导得出。然而，由于储能资源在放电时属于发电资源，需要参考 ERCOT SCED 发电资源数据（60天延迟） 数据集才能全面了解其运行义务。

⚠️ 从2025年12月5日的数据开始，由于ERCOT实施了RTC+B，此数据集中的有效列发生了变化。变化包括某些列的废弃（这些列后续将变为空值），以及新增了部分列（这些列在2025年12月5日之前将为空值）。

RTC+B之后的新增列：
* ramp_rate_up（上调速率）
* ramp_rate_down（下调速率）
* as_capability_regup（上调频能力）
* as_capability_regdown（下调频能力）
* as_capability_ecrs（ECRS能力）
* as_capability_nonspin（非旋转备用能力）
* as_awards_nonspin（非旋转备用中标量）
* as_awards_rrsffr（RRSFFR中标量）
* as_awards_rrspfr（RRSPFR中标量）
* as_awards_rrsufr（RRSUFR中标量）
* as_awards_ecrs（ECRS中标量）
* as_awards_regup（上调频中标量）
* as_awards_regdown（下调频中标量）
* self_provided_rrsffr（自提供的RRSFFR）
* self_provided_rrsufr（自提供的RRSUFR）
* self_provided_ecrs（自提供的ECRS）

RTC+B后不再有新数据的列：
* as_responsibility_for_rrs（RRS责任）
* as_responsibility_for_rrsffr（RRSFFR责任）
* as_responsibility_for_nonspin（非旋转备用责任）
* as_responsibility_for_regup（上调频责任）
* as_responsibility_for_regdown（下调频责任）
* as_responsibility_for_ecrs（ECRS责任）
* hasl（高辅助服务限值）
* lasl（低辅助服务限值）",done,
195,ercot_sced_resource_as_offers_60_day,ERCOT resource offers to provide ancillary services in SCED. This data is posted on a 60-day delay from the market day.,ERCOT（德克萨斯州电力可靠性委员会）中资源在安全约束经济调度（SCED）中提供辅助服务的报价。此数据在市场日后延迟60天发布。,done,
196,ercot_sced_smne_60_day,"SCED Settlement Metered Net Energy (SMNE) for Generation Resources data, published with a 60-day delay.",发电资源的安全约束经济调度（SCED）结算计量净能量（SMNE）数据，延迟60天发布。,done,
197,ercot_sced_system_lambda,"System Lambda (λ) as reported by ERCOT. System Lambda is the Shadow Price for the system-wide Power Balance constraint.

The Shadow Price for the Power Balance constraint represents system costs to serve the last MW of load.

💡 λ is the cost of providing one MWh of energy at the reference bus and is therefore the energy component of the LMP at each Settlement Point.","ERCOT（德克萨斯州电力可靠性委员会）报告的系统边际价格（λ）。系统λ是系统范围功率平衡约束的影子价格。

功率平衡约束的影子价格代表为满足最后一兆瓦负荷所需的系统成本。

💡 λ 是在参考母线处提供一兆瓦时能量的成本，因此它是每个结算点节点边际电价（LMP）的能量分量。",done,
198,ercot_settlement_points_electrical_bus_mapping,"Mapping between settlement points and electrical buses in ERCOT. Includes Load Zone for settlement points, (column name is `resource_node`). Updated weekly.",ERCOT（德克萨斯州电力可靠性委员会）中结算点与电力母线之间的映射关系。包含结算点的负荷区信息（列名为 resource_node）。每周更新一次。,done,
199,ercot_shadow_prices_dam,"The active and binding constraints as well as the associated shadow prices from the Day-Ahead Market

Data in hourly intervals and released once per day around 1 PM Central for the next operating day.","来自日前市场的有效约束、绑定约束及其相关的影子价格。

数据为小时级间隔，每日中部时间下午1点左右发布一次，针对下一个运行日。",done,
200,ercot_shadow_prices_sced,"The report for Shadow Prices of binding/violated constraints in SCED. The report shows the contingency name,
overloaded element details (element name, from/to station name and kV level), Shadow Price ( price for resolving
one MW of the constraint), Penalty for violating the constraint (MaxShadow Price), overloaded element limit and
flow (value)pairs that caused such constraint.

Data released every 1 hour.","安全约束经济调度（SCED）中绑定/违反约束的影子价格报告。该报告显示事故名称、过载元件详情（元件名称、起始/终止站点名称及电压等级）、影子价格（解决一兆瓦约束的成本）、违反约束的惩罚（最大影子价格），以及导致该约束的过载元件限值和潮流（值）对。

数据每小时发布一次。",done,
201,ercot_short_term_system_adequacy,"ERCOT Short-term system adequacy.

The available On-Line Resource capacity for Generation Resources and the available
capacity for Load Resources, for each hour of the current day and six days forward.
","ERCOT（德克萨斯州电力可靠性委员会）短期系统充裕度。

包含发电资源的可用在线资源容量以及负荷资源的可用容量，覆盖当前日及未来六天中的每个小时。",done,
202,ercot_solar_actual_and_forecast_by_geo_region_hourly,"Hourly solar report with forecasts as published by ERCOT.

This report is published each hour and includes System-wide and geographic regional hourly averaged solar power production, forecasts, and the High Sustainable Limit (HSL) of online resources in the Current Operating Plan (COP). HSL is ERCOT's forecast of uncurtailed power generation potential.

The STPPF and PVGRPP values are forecasts representing a 50% and 80% chance of exceedance respectively. These forecasts are produced for a rolling 168-hour future period with each hourly report.","ERCOT（德克萨斯州电力可靠性委员会）发布的小时级太阳能报告及预测。

此报告每小时发布一次，包含系统范围和地理区域的小时平均太阳能发电量、预测值，以及当前运行计划（COP）中在线资源的高持续限值（HSL）。HSL是ERCOT对未削减发电潜力的预测。

STPPF和PVGRPP值分别代表超出概率为50%和80%的预测值。这些预测伴随每小时的报告，针对未来滚动168小时周期生成。",done,
203,ercot_solar_actual_and_forecast_hourly,"Hourly solar report with forecasts as published by ERCOT.

This report is published each hour and includes System-wide hourly averaged solar power production, forecasts, and the High Sustainable Limit (HSL) of online resources in the Current Operating Plan (COP). HSL is ERCOT's forecast of uncurtailed power generation potential.

The STPPF and PVGRPP values are forecasts representing a 50% and 80% chance of exceedance respectively. These forecasts are produced for a rolling 168-hour future period with each hourly report.","ERCOT（德克萨斯州电力可靠性委员会）发布的小时级太阳能报告及预测。

此报告每小时发布一次，包含系统范围的小时平均太阳能发电量、预测值，以及当前运行计划（COP）中在线资源的高持续限值（HSL）。HSL是ERCOT对未削减发电潜力的预测。

STPPF和PVGRPP值分别代表超出概率为50%和80%的预测值。这些预测伴随每小时的报告，针对未来滚动168小时周期生成。",done,
204,ercot_spp_dart_15_min,DART spread in ERCOT between day-ahead hourly SPPs and real-time 15-minute SPPs. Hourly day-ahead values are brought to a 15-minute interval across the hour for the purposes of this dataset.,ERCOT（德克萨斯州电力可靠性委员会）中日前小时级SPP（影子价格）与实时15分钟SPP之间的DART（日前与实时价差）价差。在本数据集中，小时日前价格数值在该小时内被转换为15分钟间隔数据。,done,
205,ercot_spp_day_ahead_hourly,"Settlement Point Prices in hourly intervals as reported by ERCOT from the day-ahead market run. These are derived from LMPs as well as price adders to calculate prices used in settlements. SPPs are calculated for Resource Nodes, Load Zones, and Hubs. 

The location types present are:

- *Trading Hub*
- *Load Zone DC Tie*
- *Resource Node*
- *Load Zone*

💡 There are many fewer settlement point locations than buses. Keeping this in mind can help to slim down initial ERCOT analyses before turning to individual bus locations.","ERCOT（德克萨斯州电力可靠性委员会）从日前市场运行中报告的结算点价格（SPP），数据为小时级间隔。这些价格由节点边际电价（LMP）和价格加价推导得出，用于计算结算价格。SPP针对资源节点、负荷区和枢纽进行计算。

存在的位置类型包括：

- 交易枢纽
- 负荷区直流联络线
- 资源节点
- 负荷区

💡 结算点的数量远少于母线数量。在进行ERCOT初步分析时，记住这一点有助于在转向单个母线位置之前简化分析工作。",done,
206,ercot_spp_day_ahead_price_corrections,"Day-Ahead corrected settlement point prices (SPPs) in ERCOT. These prices are irregularly updated by ERCOT in the event of necessary price corrections or errors. These are derived from LMPs as well as price adders to calculate prices used in settlements. SPPs are calculated for Resource Nodes, Load Zones, and Hubs.

The location types present are:

Trading Hub
Load Zone Energy Weighted
Load Zone DC Tie
Resource Node
Load Zone
Load Zone DC Tie Energy Weighted
💡 There are many fewer settlement point locations than buses. Keeping this in mind can help to slim down initial ERCOT analyses before turning to individual bus locations.
","ERCOT（德克萨斯州电力可靠性委员会）中经过修正的日前结算点价格（SPP）。当需要进行必要的价格修正或数据存在错误时，ERCOT会不定期更新这些价格。这些价格由节点边际电价（LMP）和价格加价推导得出，用于计算结算价格。SPP针对资源节点、负荷区和枢纽进行计算。

存在的位置类型包括：

交易枢纽
负荷区能量加权
负荷区直流联络线
资源节点
负荷区
负荷区直流联络线能量加权
💡 结算点的数量远少于母线数量。在进行ERCOT初步分析时，记住这一点有助于在转向单个母线位置之前简化分析工作。",done,
207,ercot_spp_real_time_15_min,"Settlement Point Prices in 15-minute intervals as reported by ERCOT in real-time. These are derived from LMPs as well as price adders to calculate prices used in settlements. SPPs are calculated for Resource Nodes, Load Zones, and Hubs.

The location types present are:

- *Trading Hub*
- *Load Zone Energy Weighted*
- *Load Zone DC Tie*
- *Resource Node*
- *Load Zone*
- *Load Zone DC Tie Energy Weighted*


💡 There are many fewer settlement point locations than buses. Keeping this in mind can help to slim down initial ERCOT analyses before turning to individual bus locations.","ERCOT（德克萨斯州电力可靠性委员会）实时报告的结算点价格（SPP），数据间隔为15分钟。这些价格由节点边际电价（LMP）和价格加价推导得出，用于计算结算价格。SPP针对资源节点、负荷区和枢纽进行计算。

存在的位置类型包括：

- 交易枢纽
- 负荷区能量加权
- 负荷区直流联络线
- 资源节点
- 负荷区
- 负荷区直流联络线能量加权

💡 结算点的数量远少于母线数量。在进行ERCOT初步分析时，记住这一点有助于在转向单个母线位置之前简化分析工作。",done,
208,ercot_spp_real_time_price_corrections,"Real-time corrected settlement point prices (SPPs) in ERCOT. These prices are irregularly updated by ERCOT in the event of necessary price corrections or errors. These are derived from LMPs as well as price adders to calculate prices used in settlements. SPPs are calculated for Resource Nodes, Load Zones, and Hubs.

The location types present are:

Trading Hub
Load Zone Energy Weighted
Load Zone DC Tie
Resource Node
Load Zone
Load Zone DC Tie Energy Weighted
💡 There are many fewer settlement point locations than buses. Keeping this in mind can help to slim down initial ERCOT analyses before turning to individual bus locations.
","ERCOT（德克萨斯州电力可靠性委员会）中经过修正的实时结算点价格（SPP）。当需要进行必要的价格修正或数据存在错误时，ERCOT会不定期更新这些价格。这些价格由节点边际电价（LMP）和价格加价推导得出，用于计算结算价格。SPP针对资源节点、负荷区和枢纽进行计算。

存在的位置类型包括：

交易枢纽
负荷区能量加权
负荷区直流联络线
资源节点
负荷区
负荷区直流联络线能量加权
💡 结算点的数量远少于母线数量。在进行ERCOT初步分析时，记住这一点有助于在转向单个母线位置之前简化分析工作。",done,
209,ercot_standardized_5_min,"This table is a curated set of five-minute data for ERCOT. All standardized datasets are intended to speed up analysis and feature engineering work by providing commonly used data series in one denormalized table. 

The standardized datasets are a convenience for API users who only want to query one dataset for each ISO. If you plan on loading in every dataset or want to work with multiple series alone or together it is recommended to pull the individual datasets to have full visibility into each one.

⚠️ Not all data series are present for the entire length of the dataset. This can occur due to a lack of historical data or the publication of new core datasets by an ISO.","此表格是ERCOT（德克萨斯州电力可靠性委员会）经过精选的五分钟数据集合。所有标准化数据集旨在通过在一个非规范化表中提供常用的数据系列，来加速分析和特征工程工作。

标准化数据集是为API用户提供的便利，方便他们只需查询每个ISO的一个数据集即可。如果您计划加载所有数据集，或希望单独或组合使用多个数据系列，建议拉取各个独立的数据集，以便完全了解每个数据集的详情。

⚠️ 并非所有数据系列在整个数据集的时间范围内都存在。这可能是由于历史数据缺失或ISO发布了新的核心数据集所致。",done,
210,ercot_standardized_hourly,"This table is a curated set of hourly data for ERCOT. All standardized datasets are intended to speed up analysis and feature engineering work by providing commonly used data series in one denormalized table. Data in this feed is resampled to an hourly frequency from five minutes.

The standardized datasets are a convenience for API users who only want to query one dataset for each ISO. If you plan on loading in every dataset or want to work with multiple series alone or together it is recommended to pull the individual datasets to have full visibility into each one.

⚠️ Not all data series are present for the entire length of the dataset. This can occur due to a lack of historical data or the publication of new core datasets by an ISO.","此表格是ERCOT（德克萨斯州电力可靠性委员会）经过精选的小时级数据集合。所有标准化数据集旨在通过在一个非规范化表中提供常用的数据系列，来加速分析和特征工程工作。此数据源中的数据是从五分钟频率重采样为小时频率。

标准化数据集是为API用户提供的便利，方便他们只需查询每个ISO的一个数据集即可。如果您计划加载所有数据集，或希望单独或组合使用多个数据系列，建议拉取各个独立的数据集，以便完全了解每个数据集的详情。

⚠️ 并非所有数据系列在整个数据集的时间范围内都存在。这可能是由于历史数据缺失或ISO发布了新的核心数据集所致。",done,
211,ercot_system_as_capacity_monitor,"Real-time ERCOT totals for ancillary services and capacity available for dispatch in SCED (Security-Constrained Economic Dispatch).

***Acronym Assistance***
* RRS - Responsive Reserves
* CLRs - Controllable Load Resources
* FFR - Fast Frequency Response
* PFR- Primary Frequency Response
* UFR - Under Frequency Relay
* ESR - Energy Storage Resource
* ECRS - ERCOT Contingency Reserve Service
* QSGR - Quick Start Generation Resource
* ONSC - ONLINE Synchronous Condenser (resource status)
* PRC - Physical Responsive Capability
* BP - Base Point
* EMR - Available for commitment or dispatch only for ERCOT-declared Emergency Conditions
* OUTL - Offline Unavailable
* EMRSWGR - Offline Available Only for Emergency Condition

Implemented on December 5th, 2025, as part of ERCOT's RTC+B project, which substantially reworked the previous AS Capacity Monitor table.","ERCOT（德克萨斯州电力可靠性委员会）的实时辅助服务总量以及可在安全约束经济调度（SCED）中调度的可用容量。

缩略语释义
* RRS - 响应备用
* CLRs - 可控负荷资源
* FFR - 快速频率响应
* PFR - 一次频率响应
* UFR - 低频继电器
* ESR - 储能资源
* ECRS - ERCOT事故备用服务
* QSGR - 快速启动发电资源
* ONSC - 在线同步调相机（资源状态）
* PRC - 物理响应能力
* BP - 基点
* EMR - 仅在ERCOT宣布的紧急情况下可用于承诺或调度
* OUTL - 离线不可用
* EMRSWGR - 离线仅在紧急情况下可用

于2025年12月5日作为ERCOT的RTC+B项目的一部分实施，该项目对之前的辅助服务容量监控表进行了重大改造。",done,
212,ercot_system_load_charging_4_seconds,"System demand and storage charging in ERCOT, sampled at 4-second intervals. Published every 5 minutes.

This dataset is provided by ERCOT to support estimation of coincident peak (4CP) demand by excluding Wholesale Storage Load (WSL), which is not counted per ERCOT 4CP protocol rules.

The estimated CP load can be derived by subtracting esr_charging_mw from system_demand_mw, offering a real-time proxy for load minus WSL.

This data ends shortly before midnight on 12/4/2025 as ERCOT retired this feed with the implementation of the RTC+B project.
","ERCOT（德克萨斯州电力可靠性委员会）中每4秒采样一次的系统需求和储能充电数据。每5分钟发布一次。

ERCOT提供此数据集是为了支持通过排除批发储能负荷（WSL）来估算同时峰值（4CP）需求，根据ERCOT的4CP协议规则，该负荷不被计入。

可通过从 system_demand_mw 中减去 esr_charging_mw 来估算CP负荷，从而提供扣除WSL后负荷的实时代理指标。

此数据于2025年12月4日午夜前不久结束，因为随着RTC+B项目的实施，ERCOT停止了此数据源的更新。",done,
213,ercot_temperature_forecast_by_weather_zone,"Hourly temperature forecast in Fahrenheit for each weather zone in ERCOT.

Every day a file is published at 5AM. This file contains an hourly temperature
forecast which begins at 2AM 3 days prior to the publish date and ends with the 1AM
hour for the day 9 days past the publication day.

Note: We've observed source data issues during the repeated hour on DST changes, such as incorrect repeated hour timestamps and apparent doubling of temperature forecast values.
","ERCOT（德克萨斯州电力可靠性委员会）各气象区域的小时级温度预测（单位为华氏度）。

每天凌晨5点发布一个文件。此文件包含小时级温度预测，起始于发布日期前3天的凌晨2点，结束于发布日期后第9天的凌晨1点。

注意：我们观察到在夏令时切换的重复小时期间存在源数据问题，例如重复小时的时间戳错误以及温度预测值明显加倍。",done,
214,ercot_unplanned_resource_outages,"This dataset contains all of the unplanned outages and derates for resources in
ERCOT during a given day, published with a three day delay. The report includes
information on all resources covered by the ERCOT Outage Scheduler process, which
does include resources in Private Use Networks. Unplanned outages includes both
forced and maintenance outages.

💡 Individual unit outages do not always start or end cleanly on a cadence with
other market intervals and can be changed or extended during the outage or derate.
The current_as_of and publish_time fields can be used to help define analysis.","该数据集包含ERCOT（德克萨斯州电力可靠性委员会）指定日期内所有资源的非计划停运和降额信息，数据延迟三天发布。报告涵盖了ERCOT停运调度流程所涉及的所有资源，这包括私有网络中的资源。非计划停运包括强制停运和维护停运。

💡 单个机组的停运并不总是与其他市场时间间隔整齐地开始或结束，并且在停运或降额期间可能会发生变化或延长。可以使用 current_as_of 和 publish_time 字段来辅助定义分析。",done,
215,ercot_wind_actual_and_forecast_by_geo_region_hourly,"Hourly wind report with forecasts as published by ERCOT.

This report is published each hour and includes System-wide and geographic regional hourly averaged wind power production, forecasts, and the High Sustainable Limit (HSL) of online resources in the Current Operating Plan (COP). HSL is ERCOT's forecast of uncurtailed power generation potential.

The STWPF and WGRPP values are forecasts representing a 50% and 80% chance of exceedance respectively. These forecasts are produced for a rolling 168-hour future period with each hourly report.","ERCOT（德克萨斯州电力可靠性委员会）发布的小时级风电报告及预测。

此报告每小时发布一次，包含系统范围和地理区域的小时平均风电发电量、预测值，以及当前运行计划（COP）中在线资源的高持续限值（HSL）。HSL是ERCOT对未削减发电潜力的预测。

STWPF和WGRPP值分别代表超出概率为50%和80%的预测值。这些预测伴随每小时的报告，针对未来滚动168小时周期生成。",done,
216,ercot_wind_actual_and_forecast_hourly,"Hourly wind report with forecasts as published by ERCOT.

This report is published each hour and includes System-wide and geographic regional hourly averaged wind power production, forecasts, and the High Sustainable Limit (HSL) of online resources in the Current Operating Plan (COP). 

💡 HSL is ERCOT's forecast of uncurtailed power generation potential.

The STWPF and WGRPP values are forecasts representing a 50% and 80% chance of exceedance respectively. These forecasts are produced for a rolling 168-hour future period with each hourly report.","ERCOT（德克萨斯州电力可靠性委员会）发布的小时级风电报告及预测。

此报告每小时发布一次，包含系统范围以及地理区域的小时平均风电发电量、预测值，以及当前运行计划（COP）中在线资源的高持续限值（HSL）。

💡 HSL是ERCOT对未削减发电潜力的预测。

STWPF和WGRPP值分别代表超出概率为50%和80%的预测值。这些预测伴随每小时的报告，针对未来滚动168小时周期生成。",done,
22,all_records,Top daily records for various metrics across all ISOs,所有ISO（独立系统运营商）范围内各项指标的每日最高记录,done,
23,all_records_timeseries,Timeline of new records for various metrics in all ISOs,所有ISO（独立系统运营商）内各项指标的新记录时间线,done,
317,isos_latest,"Latest load, primary power source, and Real Time LMP data for each ISO",每个ISO（独立系统运营商）的最新负荷、主要电源以及实时节点边际电价（LMP）数据,done,
217,hq_interconnection_outages,"Hydro-Québec’s planned interconnection outages with neighboring regions. Published irregularly, at least once per year for the following year. TTC is total transfer capability.",魁北克水电公司（Hydro-Québec）与相邻区域之间的计划性互联线路停运数据。发布时间不固定，但至少每年发布一次，针对下一年度。TTC指总传输能力。,done,
218,ieso_adequacy_report_forecast,"Information on Ontario’s electricity requirements for today through 34 days out. The resources offered, forecasted and bid are included for the hours of today and the next day. 

The value for total resources on outage is the sum of internal outages increased by 2% of available capacity. Available capacity is capacity minus total internal resource outages minus bottled capacity.

For more information on this report, see [this documentation](https://reports-public.ieso.ca/docrefs/helpfile/Adequacy2_h4.pdf) from IESO.","关于安大略省从今日起至未来34天电力需求的信息。包含今日及明日各小时的资源供应量、预测值和报价。

停运资源总量等于内部停运容量总和加上可用容量2%的额外值。可用容量等于总容量减去内部资源停运总量再减去受阻容量。

关于此报告的更多信息，请参阅IESO（安大略省独立电力系统运营商）提供的 这份文档。",done,
219,ieso_forecast_surplus_baseload_generation,"Report on surplus baseload generation (SBG) in Ontario by IESO. 

SBG occurs when electricity production from baseload facilities is greater than Ontario demand. Baseload is comprised of available nuclear, must-run hydro, self-scheduling, commissioning, intermittent, and variable generators. 

Published once per day by 5PM EST.

More information [here](https://www.ieso.ca/-/media/Files/IESO/uploaded/SBG/SurplusBaseloadGen_h3.pdf)","IESO（安大略省独立电力系统运营商）发布的关于安大略省过剩基荷发电（SBG）的报告。

当基荷设施的发电量大于安大略省需求时，就会发生SBG。基荷包括可用的核电、必须运行的水电、自调度、调试中、间歇性和可变发电机。

每日东部时间下午5点前发布一次。

更多信息请参见 此处。",done,
220,ieso_fuel_mix,"Hourly fuel mix for IESO derived from the Hourly Generator Report. For each hour, all generators in an individual fuel type are summed together.  ",IESO（安大略省独立电力系统运营商）基于小时级发电机报告得出的小时级燃料结构数据。对于每个小时，将同一种燃料类型的所有发电机组数据汇总求和。,done,
221,ieso_generator_report_hourly,"Hourly report for each generator in IESO. For dispatchable units, the output and capability is reported, while wind and solar resources report output, available capacity, and forecasted values. All values reported in MW. 

💡 Almost no market operators report generator-level production in near real-time publicly, making IESO relatively unique in this regard.","IESO（安大略省独立电力系统运营商）内每个发电机的小时级报告。对于可调度机组，报告其出力和能力；而风电和太阳能资源则报告出力、可用容量和预测值。所有数值单位均为兆瓦。

💡 几乎没有其他市场运营商会公开提供近乎实时的机组级发电数据，这使得IESO在此方面相对独特。",done,
222,ieso_hoep_historical_hourly,"***This report was retired on May 1st, 2025.***

***Under IESO’s Market Renewal Project, Ontario implemented nodal pricing, eliminating the HOEP.***

The hourly systemwide charge and payment to loads and generators respectively in Ontario. Independent Energy System Operator (IESO) administers this market. Starting in 2018, this data contains Operating Reserve prices as well.","此报告已于2025年5月1日停止使用。

根据IESO的市场更新项目，安大略省实施了节点定价，从而淘汰了HOEP（安大略省小时电价）。

安大略省对负荷和发电机分别进行的小时级系统范围收费和支付。独立电力系统运营商（IESO）负责管理此市场。从2018年开始，此数据还包含运行备用价格。",done,
223,ieso_hoep_real_time_hourly,"***This report was retired on May 1st, 2025.***

***Under IESO’s Market Renewal Project, Ontario implemented nodal pricing, eliminating the HOEP.***

The hourly systemwide charge and payment to loads and generators respectively in Ontario. Independent Energy System Operator (IESO) administers this market. 
","此报告已于2025年5月1日停止使用。

根据IESO的市场更新项目，安大略省实施了节点定价，从而淘汰了HOEP（安大略省小时电价）。

安大略省对负荷和发电机分别进行的小时级系统范围收费和支付。独立电力系统运营商（IESO）负责管理此市场。",done,
224,ieso_in_service_transmission_limits,MW limits for transmission lines in the context of all in-service conditions. Contains both internal and intertie facility limits.,在所有设备投运工况下，输电线路的兆瓦限值。包含内部设施和联络线设施的限值。,done,
225,ieso_intertie_actual_schedule_flow_hourly,IESO hourly intertie data. Includes scheduled and actual flows.,IESO（安大略省独立电力系统运营商）的小时级联络线数据。包含计划潮流和实际潮流。,done,
226,ieso_intertie_flow_5_min,"
5-minute tie flows between IESO and Manitoba, Michigan, Minnesota, New York, and Québec. This dataset also contains the total IESO tie flows across all regions. Negative values indicate imports and positive values indicate exports.
",IESO（安大略省独立电力系统运营商）与马尼托巴省、密歇根州、明尼苏达州、纽约州和魁北克省之间的5分钟联络线潮流。该数据集还包含IESO在所有区域间的总联络线潮流。负值表示进口，正值表示出口。,done,
227,ieso_intertie_limits_day_ahead_hourly,"Available transfer capacity used in the Day Ahead model run for each of Ontario’s intertie zones with Manitoba, Michigan, Minnesota, New York, and Québec.  ",安大略省与马尼托巴省、密歇根州、明尼苏达州、纽约州和魁北克省各联络线区域在日前模型运行中使用的可用传输容量。,done,
228,ieso_intertie_limits_real_time_5_min,"Real time, five minute limits for each of Ontario’s intertie zones with Manitoba, Michigan, Minnesota, New York, and Québec.  ",安大略省与马尼托巴省、密歇根州、明尼苏达州、纽约州和魁北克省各联络线区域的实时五分钟传输限值。,done,
229,ieso_lmp_dart_5_min,DART spread in IESO between day-ahead hourly LMPs and real-time 5-minute LMPs. Hourly day-ahead values are brought to a 5-minute interval across the hour for the purposes of this dataset.,IESO（安大略省独立电力系统运营商）中日前小时级LMP（节点边际电价）与实时5分钟LMP之间的DART（日前与实时价差）价差。在本数据集中，小时日前电价数值在该小时内被转换为5分钟间隔数据。,done,
230,ieso_lmp_dart_5_min_intertie,DART spread in IESO between day-ahead hourly LMPs and real-time 5-minute LMPs for intertie locations. Hourly day-ahead values are brought to a 5-minute interval across the hour for the purposes of this dataset.,IESO（安大略省独立电力系统运营商）中联络线位置的日前小时级LMP（节点边际电价）与实时5分钟LMP之间的DART（日前与实时价差）价差。在本数据集中，小时日前电价数值在该小时内被转换为5分钟间隔数据。,done,
231,ieso_lmp_dart_5_min_ontario_zonal,DART spread in IESO between day-ahead hourly LMPs and real-time 5-minute LMPs for Ontario zonal locations. Hourly day-ahead values are brought to a 5-minute interval across the hour for the purposes of this dataset.,IESO（安大略省独立电力系统运营商）中安大略省区域位置的日前小时级LMP（节点边际电价）与实时5分钟LMP之间的DART（日前与实时价差）价差。在本数据集中，小时日前电价数值在该小时内被转换为5分钟间隔数据。,done,
232,ieso_lmp_dart_5_min_virtual_zonal,DART spread in IESO between day-ahead hourly LMPs and real-time 5-minute LMPs for virtual zonal locations. Hourly day-ahead values are brought to a 5-minute interval across the hour for the purposes of this dataset.,IESO（安大略省独立电力系统运营商）中虚拟区域位置的日前小时级LMP（节点边际电价）与实时5分钟LMP之间的DART（日前与实时价差）价差。在本数据集中，小时日前电价数值在该小时内被转换为5分钟间隔数据。,done,
233,ieso_lmp_day_ahead_hourly,"Day-ahead, hourly LMPs and their components for all nodal locations in IESO. 

Unlike other ISO/RTOs, IESO maintains separate data feeds for Intertie and Zonal prices. For those values, refer to their individual datasets or the ""LMP All"" combined views for day-ahead and real-time.","IESO（安大略省独立电力系统运营商）内所有节点位置的日前小时级节点边际电价（LMP）及其分量。

与其他ISO/RTO不同，IESO为联络线价格和区域价格维护了独立的数据源。如需获取这些值，请参阅它们各自的数据集，或查看“全部LMP”组合视图（包含日前和实时）。",done,
234,ieso_lmp_day_ahead_hourly_all,"Day-ahead hourly LMPs and their component costs for all pricing locations in Ontario, including virtual zones, interties, and the Ontario Zonal Price
",安大略省所有定价位置的日前小时级节点边际电价（LMP）及其成本分量，包括虚拟区域、联络线以及安大略省区域价格。,done,
235,ieso_lmp_day_ahead_hourly_intertie,"Day-ahead hourly intertie LMPs for IESO interchange. Interfaces by neighboring region:

Québec (PQ):
- PQ.BEAUHARNOIS_PQBE
- PQ.BRYSON_PQXY
- PQ.KIPAWA_PQHZ
- PQ.MACLAREN_PQDA
- PQ.MASSON_PQHA
- PQ.OUTAOUAIS_PQAT
- PQ.PAUGAN_PQPC
- PQ.QUYON_PQQC
- PQ.RAPIDDESISLE_PQDZ

New York ISO (NY)
- EC.MARITIMES_NYSI
- NY.ROSETON_NYSI

Manitoba (MB)
- MB.SEVENSISTERS_MBSK
- MB.WHITESHELL_MBSI

Michigan (MI):

- MI.LUDINGTON_MISI
- MI.LUDINGTON.SOURCE
- WC.PRAIRERANGES_MISI
- MD.CALVERTCLIFF_MISI
- MD.CALVERTCLIFF_NYSI

Minnesota (MN):
- MN.INTFALLS_MNSI","IESO（安大略省独立电力系统运营商）电量交换的日前小时级联络线节点边际电价（LMP）。按相邻区域划分的接口：

魁北克省（PQ）：
- PQ.BEAUHARNOIS_PQBE
- PQ.BRYSON_PQXY
- PQ.KIPAWA_PQHZ
- PQ.MACLAREN_PQDA
- PQ.MASSON_PQHA
- PQ.OUTAOUAIS_PQAT
- PQ.PAUGAN_PQPC
- PQ.QUYON_PQQC
- PQ.RAPIDDESISLE_PQDZ

纽约ISO（NY）
- EC.MARITIMES_NYSI
- NY.ROSETON_NYSI

马尼托巴省（MB）
- MB.SEVENSISTERS_MBSK
- MB.WHITESHELL_MBSI

密歇根州（MI）：
- MI.LUDINGTON_MISI
- MI.LUDINGTON.SOURCE
- WC.PRAIRERANGES_MISI
- MD.CALVERTCLIFF_MISI
- MD.CALVERTCLIFF_NYSI

明尼苏达州（MN）：
- MN.INTFALLS_MNSI",done,
236,ieso_lmp_day_ahead_hourly_ontario_zonal,"Day-ahead, hourly, LMP values for the Ontario-wide zonal price in IESO. This Ontario Zonal Price (OZNP) is a load-weighted LMP across the entire province, that passive loads settle against. 

This price is similar to the old Hourly Ontario Energy Price (HOEP), and was part of a compromise in the design fo the Market Renewal Program, which originally planned on using aggregate zonal prices for passive load settlement.","IESO（安大略省独立电力系统运营商）中安大略省范围内区域价格的日前小时级节点边际电价（LMP）值。该安大略省区域价格（OZNP）是整个省内按负荷加权的LMP，用于被动负荷的结算。

此价格类似于旧的安大略省小时电价（HOEP），是市场更新计划设计方案中的一项折衷方案，该计划原计划使用聚合区域价格进行被动负荷结算。",done,
237,ieso_lmp_day_ahead_hourly_virtual_zonal,"Day-ahead, hourly zonal LMPs for IESO used for virtual transactions.

IESO's virtual zones are East, Essa, Niagara, Northeast, Northwest, Ottawa, Southwest, Toronto, and West.","IESO（安大略省独立电力系统运营商）中用于虚拟交易的日前小时级区域节点边际电价（LMP）。

IESO的虚拟区域包括：东部、埃萨、尼亚加拉、东北部、西北部、渥太华、西南部、多伦多和西部。",done,
238,ieso_lmp_day_ahead_operating_reserves,This dataset contains day-ahead hourly operating reserve prices across all internal pricing nodes within IESO. Included are congestion pricing and total LMPs for 10-minute spinning and non-spinning reserves and 30-minute operating reserves.,该数据集包含IESO（安大略省独立电力系统运营商）内所有内部定价节点的小时级日前运行备用价格。包括10分钟旋转备用、10分钟非旋转备用以及30分钟运行备用的阻塞价格和总节点边际电价（LMP）。,done,
239,ieso_lmp_predispatch_hourly,"Pre-Dispatch hourly nodal LMPs for IESO. Unlike other ISO/RTOs, IESO maintains separate data feeds for Intertie and Zonal prices. For those values, refer to their individual datasets or the ""IESO LMP Predispatch Hourly All"" combined views. ",IESO（安大略省独立电力系统运营商）的预调度小时级节点节点边际电价（LMP）。与其他ISO/RTO不同，IESO为联络线价格和区域价格维护了独立的数据源。如需获取这些值，请参阅它们各自的数据集，或查看“IESO预调度小时级LMP全部”组合视图。,done,
240,ieso_lmp_predispatch_hourly_all,"Hourly pre-dispatch LMPs and their component costs for all pricing locations in Ontario, including virtual zones, interties, and the Ontario Zonal Price.",安大略省所有定价位置的小时级预调度节点边际电价（LMP）及其成本分量，包括虚拟区域、联络线以及安大略省区域价格。,done,
241,ieso_lmp_predispatch_hourly_intertie,"Predispatch hourly intertie LMPs for IESO interchange. Interfaces by neighboring region:

Québec (PQ):

PQ.BEAUHARNOIS_PQBE
PQ.BRYSON_PQXY
PQ.KIPAWA_PQHZ
PQ.MACLAREN_PQDA
PQ.MASSON_PQHA
PQ.OUTAOUAIS_PQAT
PQ.PAUGAN_PQPC
PQ.QUYON_PQQC
PQ.RAPIDDESISLE_PQDZ
New York ISO (NY)

EC.MARITIMES_NYSI
NY.ROSETON_NYSI
Manitoba (MB)

MB.SEVENSISTERS_MBSK
MB.WHITESHELL_MBSI
Michigan (MI):

MI.LUDINGTON_MISI
MI.LUDINGTON.SOURCE
WC.PRAIRERANGES_MISI
MD.CALVERTCLIFF_MISI
MD.CALVERTCLIFF_NYSI
Minnesota (MN):

MN.INTFALLS_MNSI","IESO（安大略省独立电力系统运营商）电量交换的预调度小时级联络线节点边际电价（LMP）。按相邻区域划分的接口：

魁北克省（PQ）：
PQ.BEAUHARNOIS_PQBE
PQ.BRYSON_PQXY
PQ.KIPAWA_PQHZ
PQ.MACLAREN_PQDA
PQ.MASSON_PQHA
PQ.OUTAOUAIS_PQAT
PQ.PAUGAN_PQPC
PQ.QUYON_PQQC
PQ.RAPIDDESISLE_PQDZ

纽约ISO（NY）：
EC.MARITIMES_NYSI
NY.ROSETON_NYSI

马尼托巴省（MB）：
MB.SEVENSISTERS_MBSK
MB.WHITESHELL_MBSI

密歇根州（MI）：
MI.LUDINGTON_MISI
MI.LUDINGTON.SOURCE
WC.PRAIRERANGES_MISI
MD.CALVERTCLIFF_MISI
MD.CALVERTCLIFF_NYSI

明尼苏达州（MN）：
MN.INTFALLS_MNSI",done,
242,ieso_lmp_predispatch_hourly_ontario_zonal,"Pre-dispatch hourly LMP values for the Ontario-wide zonal price in IESO. This Ontario Zonal Price (OZNP) is a load-weighted LMP across the entire province that passive loads settle against. 

This price is similar to the old Hourly Ontario Energy Price (HOEP), and was part of a compromise in the design for the Market Renewal Program, which originally planned on using aggregate zonal prices for passive load settlement.","IESO（安大略省独立电力系统运营商）中安大略省范围区域价格的预调度小时级节点边际电价（LMP）值。该安大略省区域价格（OZNP）是整个省内按负荷加权的LMP，用于被动负荷的结算。

此价格类似于旧的安大略省小时电价（HOEP），是市场更新计划设计方案中的一项折衷方案，该计划原计划使用聚合区域价格进行被动负荷结算。",done,
243,ieso_lmp_predispatch_hourly_virtual_zonal,"Pre-Dispatch hourly zonal LMPs for IESO used for virtual transactions.

IESO's virtual zones are East, Essa, Niagara, Northeast, Northwest, Ottawa, Southwest, Toronto, and West.","IESO（安大略省独立电力系统运营商）中用于虚拟交易的预调度小时级区域节点边际电价（LMP）。

IESO的虚拟区域包括：东部、埃萨、尼亚加拉、东北部、西北部、渥太华、西南部、多伦多和西部。",done,
244,ieso_lmp_real_time_5_min,"Real-time, five-minute nodal LMPs for IESO. Unlike other ISO/RTOs, IESO maintains separate data feeds for Intertie and Zonal prices. For those values, refer to their individual datasets or the ""LMP All"" combined views for day-ahead and real-time.",IESO（安大略省独立电力系统运营商）的实时五分钟节点节点边际电价（LMP）。与其他ISO/RTO不同，IESO为联络线价格和区域价格维护了独立的数据源。如需获取这些值，请参阅它们各自的数据集，或查看“全部LMP”组合视图（包含日前和实时）。,done,
245,ieso_lmp_real_time_5_min_all,"Real-time 5-minute LMPs and their component costs for all pricing locations in Ontario, including virtual zones, interties, and the Ontario Zonal Price.",安大略省所有定价位置的实时5分钟节点边际电价（LMP）及其成本分量，包括虚拟区域、联络线以及安大略省区域价格。,done,
246,ieso_lmp_real_time_5_min_intertie,"Five-minute intertie LMPs for IESO interchange. 
Interfaces by neighboring region: 

Québec (PQ):
- PQ.BEAUHARNOIS_PQBE
- PQ.BRYSON_PQXY
- PQ.KIPAWA_PQHZ
- PQ.MACLAREN_PQDA
- PQ.MASSON_PQHA
- PQ.OUTAOUAIS_PQAT
- PQ.PAUGAN_PQPC
- PQ.QUYON_PQQC
- PQ.RAPIDDESISLE_PQDZ

New York ISO (NY)

- EC.MARITIMES_NYSI
- NY.ROSETON_NYSI

Manitoba (MB)

- MB.SEVENSISTERS_MBSK
- MB.WHITESHELL_MBSI

Michigan (MI):

- MI.LUDINGTON_MISI
- MI.LUDINGTON.SOURCE 
- WC.PRAIRERANGES_MISI
- MD.CALVERTCLIFF_MISI
- MD.CALVERTCLIFF_NYSI

Minnesota (MN):

- MN.INTFALLS_MNSI


","IESO（安大略省独立电力系统运营商）电量交换的五分钟联络线节点边际电价（LMP）。
按相邻区域划分的接口：

魁北克省（PQ）：
- PQ.BEAUHARNOIS_PQBE
- PQ.BRYSON_PQXY
- PQ.KIPAWA_PQHZ
- PQ.MACLAREN_PQDA
- PQ.MASSON_PQHA
- PQ.OUTAOUAIS_PQAT
- PQ.PAUGAN_PQPC
- PQ.QUYON_PQQC
- PQ.RAPIDDESISLE_PQDZ

纽约ISO（NY）：
- EC.MARITIMES_NYSI
- NY.ROSETON_NYSI

马尼托巴省（MB）：
- MB.SEVENSISTERS_MBSK
- MB.WHITESHELL_MBSI

密歇根州（MI）：
- MI.LUDINGTON_MISI
- MI.LUDINGTON.SOURCE
- WC.PRAIRERANGES_MISI
- MD.CALVERTCLIFF_MISI
- MD.CALVERTCLIFF_NYSI

明尼苏达州（MN）：
- MN.INTFALLS_MNSI",done,
247,ieso_lmp_real_time_5_min_ontario_zonal,"Five-minute, real-time, LMP values for the Ontario-wide zonal price in IESO. This Ontario Zonal Price (OZNP) is a load-weighted LMP across the entire province, that passive loads settle against. 

This price is similar to the old Hourly Ontario Energy Price (HOEP), and was part of a compromise in the design of the Market Renewal Program, which originally planned on using aggregate zonal prices for passive load settlement.","IESO（安大略省独立电力系统运营商）中安大略省范围区域价格的实时五分钟节点边际电价（LMP）值。该安大略省区域价格（OZNP）是整个省内按负荷加权的LMP，用于被动负荷的结算。

此价格类似于旧的安大略省小时电价（HOEP），是市场更新计划设计方案中的一项折衷方案，该计划原计划使用聚合区域价格进行被动负荷结算。",done,
248,ieso_lmp_real_time_5_min_virtual_zonal,"Real-time, five-minute zonal LMPs in IESO used for virtual transactions.

IESO's virtual zones are East, Essa, Niagara, Northeast, Northwest, Ottawa, Southwest, Toronto, and West.","IESO（安大略省独立电力系统运营商）中用于虚拟交易的实时五分钟区域节点边际电价（LMP）。

IESO的虚拟区域包括：东部、埃萨、尼亚加拉、东北部、西北部、渥太华、西南部、多伦多和西部。",done,
249,ieso_lmp_real_time_operating_reserves,"This dataset contains real-time operating reserve prices across all internal pricing nodes within IESO. Included are congestion pricing and total LMPs for 10-minute spinning and non-spinning reserves, as well as 30-minute operating reserves. ",该数据集包含IESO（安大略省独立电力系统运营商）内所有内部定价节点的实时运行备用价格。包括10分钟旋转备用、10分钟非旋转备用以及30分钟运行备用的阻塞价格和总节点边际电价（LMP）。,done,
250,ieso_load,"Load in 5 minute intervals for the Market and Ontario as reported by IESO under
""Realtime Constrained Totals Report"". Updates every 5 minutes.",IESO（安大略省独立电力系统运营商）在“实时约束总量报告”中报告的5分钟间隔负荷数据，涵盖市场和安大略省整体。每5分钟更新一次。,done,
251,ieso_load_forecast_hourly,Load forecast from the Independent Electricity System Operator (IESO) in Ontario. This forecast is hourly and updates every 30 minutes.,安大略省独立电力系统运营商（IESO）的负荷预测。此预测为小时级，每30分钟更新一次。,done,
252,ieso_load_hourly,IESO load data for the Market and Ontario aggregated on an hourly basis from the IESO Load 5 minute data.,基于IESO 5分钟负荷数据聚合而成的IESO（安大略省独立电力系统运营商）市场和安大略省整体的小时级负荷数据。,done,
253,ieso_load_zonal_5_min,"Daily-published five-minute, zonal demand for IESO.

Summed together across an hour these values reach the actual demand. Each interval can be multiplied by 12 to get a 5-minute total demand value.

There is a known data gap from source for 2025-12-31 in this dataset.","IESO（安大略省独立电力系统运营商）每日发布的五分钟区域需求数据。

将这些数值按小时求和可得到实际需求。每个时间间隔的数值乘以12即可得到五分钟总需求值。

已知此数据集中2025年12月31日存在来自源数据的数据缺口。",done,
254,ieso_load_zonal_hourly,Daily-published hourly zonal demand for IESO.,IESO（安大略省独立电力系统运营商）每日发布的小时级区域需求数据。,done,
255,ieso_mcp_real_time_5_min,"***This report was retired on May 1st, 2025.***

***Under IESO’s Market Renewal Project, Ontario implemented nodal pricing, eliminating the MCP.***

Real-time, five-minute Market Clearing Price (MCP) for both energy and operating reserves in IESO for all zones.","此报告已于2025年5月1日停止使用。

根据IESO的市场更新项目，安大略省实施了节点定价，从而淘汰了市场出清价格（MCP）。

IESO（安大略省独立电力系统运营商）内所有区域能量和运行备用的实时五分钟市场出清价格（MCP）。",done,
256,ieso_outage_transmission_limits,Transmission limits for impacted facilities during outages for transmission facilities in IESO. Includes both internal and intertie transmission equipment.,IESO（安大略省独立电力系统运营商）内输电设施停运期间受影响设备的传输限值。包含内部输电设备和联络线输电设备。,done,
257,ieso_real_time_totals,"Real time 5-minute MW totals (total energy, total losses, total load, total dispatchable load, and total operating reserve) scheduled, and the total Ontario Demand.

More information [here](https://reports-public.ieso.ca/docrefs/helpfile/RealtimeTotals_h1.pdf)","实时五分钟兆瓦总量数据（包括总能量、总损耗、总负荷、总可调度负荷、总运行备用）以及计划值，和安大略省总需求。

更多信息请参见 此处。",done,
258,ieso_records,Top 10 daily records for various metrics in IESO,IESO（安大略省独立电力系统运营商）内各项指标的每日前十名记录,done,
259,ieso_records_timeseries,Timeline of new records for IESO,IESO（安大略省独立电力系统运营商）新记录的时间线,done,
260,ieso_shadow_prices_day_ahead_hourly,Day-ahead hourly shadow prices and binding constraints for IESO. Shadow prices are published on a six day delay. ,IESO（安大略省独立电力系统运营商）的日前小时级影子价格和绑定约束。影子价格数据延迟六天发布。,done,
261,ieso_shadow_prices_real_time_5_min,"Real-time, 5 minute shadow prices and binding constraints for IESO. Shadow prices are published on a six day delay. ",IESO（安大略省独立电力系统运营商）的实时5分钟影子价格和绑定约束。影子价格数据延迟六天发布。,done,
262,ieso_solar_embedded_forecast,Hourly embedded solar forecast generation for Ontario and its zones for the next 48 hours.,安大略省及其各区域未来48小时的小时级嵌入式太阳能预测发电量。,done,
263,ieso_solar_market_participant_forecast,Hourly market participant solar forecast generation for Ontario and its zones for the next 48 hours.,安大略省及其各区域未来48小时的小时级市场参与者太阳能预测发电量。,done,
264,ieso_standardized_5_min,"This table is a curated set of five-minute data for IESO. All standardized datasets are intended to speed up analysis and feature engineering work by providing commonly used data series in one denormalized table.

The standardized datasets are a convenience for API users who only want to query one dataset for each ISO. If you plan on loading in every dataset or want to work with multiple series alone or together it is recommended to pull the individual datasets to have full visibility into each one.

⚠️ Not all data series are present for the entire length of the dataset. This can occur due to a lack of historical data or the publication of new core datasets by an ISO.","此表格是IESO（安大略省独立电力系统运营商）经过精选的五分钟数据集合。所有标准化数据集旨在通过在一个非规范化表中提供常用的数据系列，来加速分析和特征工程工作。

标准化数据集是为API用户提供的便利，方便他们只需查询每个ISO的一个数据集即可。如果您计划加载所有数据集，或希望单独或组合使用多个数据系列，建议拉取各个独立的数据集，以便完全了解每个数据集的详情。

⚠️ 并非所有数据系列在整个数据集的时间范围内都存在。这可能是由于历史数据缺失或ISO发布了新的核心数据集所致。",done,
265,ieso_standardized_hourly,"This table is a curated set of hourly data for IESO. All standardized datasets are intended to speed up analysis and feature engineering work by providing commonly used data series in one denormalized table. Data in this feed is resampled to an hourly frequency from five minutes.

The standardized datasets are a convenience for API users who only want to query one dataset for each ISO. If you plan on loading in every dataset or want to work with multiple series alone or together it is recommended to pull the individual datasets to have full visibility into each one.

⚠️ Not all data series are present for the entire length of the dataset. This can occur due to a lack of historical data or the publication of new core datasets by an ISO.","此表格是IESO（安大略省独立电力系统运营商）经过精选的小时级数据集合。所有标准化数据集旨在通过在一个非规范化表中提供常用的数据系列，来加速分析和特征工程工作。此数据源中的数据是从五分钟频率重采样为小时频率。

标准化数据集是为API用户提供的便利，方便他们只需查询每个ISO的一个数据集即可。如果您计划加载所有数据集，或希望单独或组合使用多个数据系列，建议拉取各个独立的数据集，以便完全了解每个数据集的详情。

⚠️ 并非所有数据系列在整个数据集的时间范围内都存在。这可能是由于历史数据缺失或ISO发布了新的核心数据集所致。",done,
266,ieso_transmission_outages_planned,Planned transmission outages in IESO going out through the next 24 months.,IESO（安大略省独立电力系统运营商）未来24个月内的计划性输电停运信息。,done,
267,ieso_wind_embedded_forecast,Hourly embedded wind forecast generation for Ontario and its zones for the next 48 hours.,安大略省及其各区域未来48小时的小时级嵌入式风电预测发电量。,done,
268,ieso_wind_market_participant_forecast,Hourly market participant wind forecast generation for Ontario and its zones for the next 48 hours.,安大略省及其各区域未来48小时的小时级市场参与者风电预测发电量。,done,
269,ieso_zonal_load_forecast_hourly,"Hourly load forecast by zone for the Independent Electricity System Operator (IESO) in Ontario. Values are reported for all of *Ontario*, as well as the individual regions *Southeast*, *Southwest*, *Northwest*, and *Northeast*. 

Before implementation of the Market Renewal Program, IESO only reported values for *East*, *West*, and *Ontario*. For historical data prior to the MRP, see this [dataset](https://www.gridstatus.io/datasets/ieso_zonal_load_forecast_hourly_pre_market_renewal). 

This report is updated twice daily, morning and afternoon.

","安大略省独立电力系统运营商（IESO）按区域划分的小时级负荷预测。报告的数值覆盖整个 安大略省 以及各个区域：东南部、西南部、西北部 和 东北部。

在市场更新计划实施之前，IESO仅报告 东部、西部 和 安大略省 的数值。如需市场更新计划之前的历史数据，请参阅此 数据集。

此报告每日更新两次，分为上午和下午。",done,
270,ieso_zonal_load_forecast_hourly_pre_market_renewal,"Hourly load forecast by zone for the Independent Electricity System Operator (IESO) in Ontario. Values are reported for *Ontario*, *East*, and *West*. 

⚠️ Following the implementation of IESO's Market Renewal Program this report is no longer updated and exists for historical data only. [See the new source here](https://www.gridstatus.io/datasets/ieso_zonal_load_forecast_hourly). ","安大略省独立电力系统运营商（IESO）按区域划分的小时级负荷预测。报告的数值覆盖 安大略省、东部 和 西部。

⚠️ 随着IESO市场更新计划的实施，此报告已不再更新，仅作为历史数据留存。点击此处查看新数据源。",done,
271,isone_ancillary_services_strike_prices_day_ahead,Day-ahead strike prices and close-out components for ISO-NE. Includes the forecasted hourly Hub RT percentile values and load forecast.,ISO-NE（新英格兰独立系统运营商）的日前执行价格和结算分量。包含预测的小时级枢纽实时价格百分位数和负荷预测。,done,
272,isone_binding_constraints_day_ahead_hourly,"Hourly, day-ahead binding constraints in ISO-NE.",ISO-NE（新英格兰独立系统运营商）的小时级日前绑定约束。,done,
273,isone_binding_constraints_final_real_time_15_min,"Final, fifteen-minute preliminary binding constraints in ISO-NE published after the market day. 

Final binding constraint data is typically published in the afternoon of the next business day following the market day.","ISO-NE（新英格兰独立系统运营商）在市场日后发布的最终十五分钟初步绑定约束。

最终绑定约束数据通常在运行日后的下一个工作日下午发布。",done,
274,isone_binding_constraints_final_real_time_5_min,"Real-time, five-minute final binding constraints in ISO-NE, published after the market day. 

Final binding constraint data is typically published in the afternoon of the next business day following the market day.","ISO-NE（新英格兰独立系统运营商）在市场日后发布的实时五分钟最终绑定约束。

最终绑定约束数据通常在运行日后的下一个工作日下午发布。",done,
275,isone_binding_constraints_preliminary_real_time_15_min,"Preliminary, fifteen-minute preliminary binding constraints in ISO-NE, published during the market day. 

Final binding constraint data is typically published in the afternoon of the next business day following the market day.","ISO-NE（新英格兰独立系统运营商）在运行日期间发布的初步十五分钟绑定约束。

最终绑定约束数据通常在运行日后的下一个工作日下午发布。",done,
276,isone_binding_constraints_preliminary_real_time_5_min,"Real-time, five-minute preliminary binding constraints in ISO-NE published during the market day. 

Final binding constraint data is typically published in the afternoon of the next business day following the market day.","ISO-NE（新英格兰独立系统运营商）在运行日期间发布的实时五分钟初步绑定约束。

最终绑定约束数据通常在运行日后的下一个工作日下午发布。",done,
277,isone_btm_solar,"BTM Solar derived from data reported by ISO-NE.

Notes:
* Data is missing for 2021-11-17","基于ISO-NE（新英格兰独立系统运营商）报告数据推导得出的表后（BTM）太阳能发电数据。

注：
* 2021年11月17日的数据缺失。",done,
278,isone_capacity_forecast_7_day,"Forecast published by ISO-NE each morning for the next 7 days. This forecast includes a number of factors related to possible capacity deficiencies in New England, such as local temperatures, available capacity, and peak demand.",ISO-NE（新英格兰独立系统运营商）每天上午发布的未来7天预测。该预测包含与新英格兰地区可能出现的容量不足相关的多个因素，例如当地温度、可用容量和峰值需求。,done,
279,isone_cleared_load_day_ahead_hourly,"Cleared Day Ahead Market Hourly Demand by load zone, published by the ISO.


Latest data is typically available for tomorrow, once Day Ahead supply is scheduled. See Realtime Hourly Demand for the actual historical recorded demand. Load is given in MW. 

The locations are ISO-NE's load zones as well as the internal hub and NEPOOL as a whole:
* .Z.MAINE
* .Z.NEWHAMPSHIRE
* .Z.VERMONT
* .Z.RHODEISLAND
* .Z.CONNECTICUT
* .Z.WCMASS
* .Z.SEMASS
* .Z.NEMASSBOST
* NEPOOL AREA
* .H.INTERNALHUB

The three zones with MASS represent regions within Massachusetts, the highest demand region within New England. The Internal Hub is a comprised of a collection of nodes in central New England with very little congestion, so its values can be quite different from load zones.","ISO-NE（新英格兰独立系统运营商）发布的按负荷区划分的日前市场出清小时需求。

最新数据通常适用于明日（一旦日前供电安排确定）。实际历史记录需求请参阅实时小时需求。负荷单位为兆瓦。

位置包括ISO-NE的负荷区、内部枢纽以及整个NEPOOL区域：
* .Z.MAINE（缅因）
* .Z.NEWHAMPSHIRE（新罕布什尔）
* .Z.VERMONT（佛蒙特）
* .Z.RHODEISLAND（罗德岛）
* .Z.CONNECTICUT（康涅狄格）
* .Z.WCMASS（麻省西部）
* .Z.SEMASS（麻省东南部）
* .Z.NEMASSBOST（麻省东部/波士顿）
* NEPOOL AREA（新英格兰地区）
* .H.INTERNALHUB（内部枢纽）

名称中包含MASS的三个区域代表马萨诸塞州内的分区，该州是新英格兰地区需求最高的区域。内部枢纽由新英格兰中部一组阻塞很小的节点构成，因此其数值可能与负荷区有显著差异。",done,
280,isone_external_flows_5_min,"
This dataset contains 5 minute flow levels at interfaces between ISO-NE and neighboring balancing authorities. This dataset also contains both import and export limits for each interface as well as total import and export limits for the ISO. 

Interfaces by neighboring region:

- Hydro-Québec (HQ):
    - .I.HQHIGATE120 2
    - .I.HQ_P1_P2345 5
    - .I.HQMRL_RD345 1
- New York ISO (NYISO)
    - .I.NRTHPORT138 5
    - .I.ROSETON 345 1
    - .I.SHOREHAM138 99
- New Brunswick (NB)
    - .I.SALBRYNB345 1.","该数据集包含ISO-NE（新英格兰独立系统运营商）与相邻平衡区域之间联络线的5分钟潮流水平。该数据集还包含每个联络线的进出口限值以及ISO的总进出口限值。

按相邻区域划分的接口：

- 魁北克水电公司（HQ）：
 - .I.HQHIGATE120 2
 - .I.HQ_P1_P2345 5
 - .I.HQMRL_RD345 1
- 纽约ISO（NYISO）
 - .I.NRTHPORT138 5
 - .I.ROSETON 345 1
 - .I.SHOREHAM138 99
- 新不伦瑞克省（NB）
 - .I.SALBRYNB345 1。",done,
281,isone_fcm_reconfiguration_annual,"Annual Reconfiguration Auction (ARA) results for ISO-NE's Forward Capacity market.

Resources can utilize reconfiguration auctions to modify their capacity supply obligations (CSOs) for the CCP (capacity commitment period).","ISO-NE（新英格兰独立系统运营商）远期容量市场年度重组拍卖（ARA）的结果。

资源可以利用重组拍卖来修改其在CCP（容量承诺期）内的容量供应义务（CSOs）。",done,
282,isone_fcm_reconfiguration_monthly,Monthly reconfiguration auction results for ISO-NE's Forward Capacity market.,ISO-NE（新英格兰独立系统运营商）远期容量市场的月度重组拍卖结果。,done,
283,isone_fuel_mix,Fuel Mix for ISO-NE resampled to 5 minute intervals.,重采样至5分钟间隔的ISO-NE（新英格兰独立系统运营商）燃料结构数据。,done,
284,isone_interchange_15_min,15 minute net interchange levels between ISO-NE and and the New York ISO (NYISO) at the Roseton interface. ISO-NE and NYISO manage this interface via Coordinated Transaction Scheduling (CTS). CTS interfaces enable enhanced scheduling by coordinating economic clearing of transactions at the interface while eliminating certain fees. This improves the efficiency of trades between the regions. ,ISO-NE（新英格兰独立系统运营商）与纽约ISO（NYISO）在罗塞顿联络线处的15分钟净交换电量水平。ISO-NE和NYISO通过协调交易调度（CTS）管理此联络线。CTS接口通过协调接口处交易的经济出清并免除某些费用，实现了增强的调度功能，从而提高了区域间交易的效率。,done,
285,isone_interchange_hourly,"This dataset contains the hourly net level of flows between ISO-NE and neighboring balancing authorities. Sale represents the number of MWs flowing out of New England and Purchase represents flows into New England, with the actual interchange being the combination of the two. Negative values indicate imports and positive values indicate exports.

Interfaces by neighboring region:

- Hydro-Québec (HQ):
    - .I.HQHIGATE120 2
    - .I.HQ_P1_P2345 5
    - .I.HQMRL_RD345 1
- New York ISO (NYISO)
    - .I.NRTHPORT138 5
    - .I.NRTHPORT138 5
    - .I.ROSETON 345 1
    - .I.SHOREHAM138 99
- New Brunswick (NB)
    - .I.SALBRYNB345 1.","该数据集包含ISO-NE（新英格兰独立系统运营商）与相邻平衡区域之间的小时级净交换潮流水平。售电（Sale）表示流出新英格兰的兆瓦数，购电（Purchase）表示流入新英格兰的兆瓦数，实际交换值为两者的组合。负值表示进口，正值表示出口。

按相邻区域划分的接口：

- 魁北克水电公司（HQ）：
 - .I.HQHIGATE120 2
 - .I.HQ_P1_P2345 5
 - .I.HQMRL_RD345 1
- 纽约ISO（NYISO）
 - .I.NRTHPORT138 5
 - .I.NRTHPORT138 5
 - .I.ROSETON 345 1
 - .I.SHOREHAM138 99
- 新不伦瑞克省（NB）
 - .I.SALBRYNB345 1。",done,
286,isone_lmp_dart_5_min,DART spread in ISO-NE between day-ahead hourly LMPs and real-time 5-minute LMPs. Hourly day-ahead values are brought to a 5-minute interval across the hour for the purposes of this dataset.,ISO-NE（新英格兰独立系统运营商）中日前小时级LMP（节点边际电价）与实时5分钟LMP之间的DART（日前与实时价差）价差。在本数据集中，小时日前电价数值在该小时内被转换为5分钟间隔数据。,done,
287,isone_lmp_dart_5_min_final,DART spread in ISO-NE between day-ahead hourly LMPs and real-time 5-minute final LMPs. Hourly day-ahead values are brought to a 5-minute interval across the hour for the purposes of this dataset.,ISO-NE（新英格兰独立系统运营商）中日前小时级LMP（节点边际电价）与实时5分钟最终LMP之间的DART（日前与实时价差）价差。在本数据集中，小时日前电价数值在该小时内被转换为5分钟间隔数据。,done,
288,isone_lmp_dart_hourly_final,DART spread in ISO-NE between day-ahead hourly LMPs and real-time hourly final LMPs. Both day-ahead and real-time values are at hourly intervals.,ISO-NE（新英格兰独立系统运营商）中日前小时级LMP（节点边际电价）与实时小时级最终LMP之间的DART（日前与实时价差）价差。日前和实时值均为小时间隔。,done,
289,isone_lmp_dart_hourly_prelim,DART spread in ISO-NE between day-ahead hourly LMPs and real-time hourly preliminary LMPs. Both day-ahead and real-time values are at hourly intervals.,ISO-NE（新英格兰独立系统运营商）中日前小时级LMP（节点边际电价）与实时小时级初步LMP之间的DART（日前与实时价差）价差。日前和实时值均为小时间隔。,done,
290,isone_lmp_day_ahead_hourly,"Day Ahead Hourly LMPs as reported by ISO-NE. Includes all locations.

This dataset includes the location types:

- *DRRAZ*
- *NETWORK NODE*
- *EXT. NODE*
- *HUB*
- *LOAD ZONE*
- *HUB NODE*","ISO-NE（新英格兰独立系统运营商）报告的日前小时级节点边际电价（LMP）。包含所有位置。

该数据集包含的位置类型：

- DRRAZ
- 网络节点
- 外部节点
- 枢纽
- 负荷区
- 枢纽节点",done,
291,isone_lmp_real_time_5_min,"[DEPRECATED IN FAVOR OF THE [PRELIMINARY DATASET](https://www.gridstatus.io/datasets/isone_lmp_real_time_5_min_prelim)] 

Preliminary, real-time, 5-minute, LMPs as reported by ISO-NE. Includes all locations.

This dataset includes the location types:

- *DRRAZ*
- *NETWORK NODE*
- *EXT. NODE*
- *HUB*
- *LOAD ZONE*
- *HUB NODE*","[已被弃用，推荐使用初步数据集]

ISO-NE（新英格兰独立系统运营商）发布的初步、实时、5分钟间隔的LMP（节点边际电价）。包含所有位置。

该数据集包含以下位置类型：

- DRRAZ（需求响应资源聚集区）
- NETWORK NODE（网络节点）
- EXT. NODE（外部节点）
- HUB（枢纽）
- LOAD ZONE（负荷区）
- HUB NODE（枢纽节点）",done,
292,isone_lmp_real_time_5_min_final,"Final approved locational marginal prices (LMPs) for each five-minute interval of the operating day. LMPs are presented for the Hub, load zones, and network nodes.",针对运行日每个五分钟时间间隔的最终批准节点边际电价（LMP）。LMP按枢纽、负荷区和网络节点呈现。,done,
293,isone_lmp_real_time_5_min_prelim,"Preliminary locational marginal prices (LMPs) for each five-minute interval of the operating day. Current data are made available in approximate real-time. LMPs are presented for the Hub, load zones, and network nodes.

***Replaces ""ISONE LMP Real Time 5 Min""***","针对运行日每个五分钟时间间隔的初步节点边际电价（LMP）。当前数据以近似实时的方式提供。LMP按枢纽、负荷区和网络节点呈现。

取代“ISONE LMP实时5分钟”数据集",done,
294,isone_lmp_real_time_hourly_final,"Finalized locational marginal prices (LMPs) by hour for the Hub, load zones, and network nodes. Prices are broken into their various cost components: energy, congestion, and losses.",针对枢纽、负荷区和网络节点按小时最终确定的节点边际电价（LMP）。价格分解为各个成本分量：能量、阻塞和损耗。,done,
295,isone_lmp_real_time_hourly_prelim,"Preliminary locational marginal prices (LMPs) by hour for the Hub, load zones, and network nodes. Prices are published as soon as is practical after the operating hour has concluded and broken into their various cost components: energy, congestion, and losses. Current data are made available in approximate real-time.",针对枢纽、负荷区和网络节点按小时发布的初步节点边际电价（LMP）。价格在运行小时结束后尽快发布，并分解为各个成本分量：能量、阻塞和损耗。当前数据以近似实时的方式提供。,done,
296,isone_load,Load in 5 minute intervals as reported by ISO-NE.,ISO-NE（新英格兰独立系统运营商）报告的5分钟间隔负荷数据。,done,
297,isone_load_forecast,"Load Forecast in 5 minute intervals resampled
from hourly data as reported by ISO-NE.",基于ISO-NE（新英格兰独立系统运营商）报告的小时级数据重采样得到的5分钟间隔负荷预测。,done,
298,isone_load_forecast_hourly,Load Forecast in 1 hour intervals as reported by ISO-NE.,ISO-NE（新英格兰独立系统运营商）报告的1小时间隔负荷预测。,done,
299,isone_load_hourly,Total hourly ISO-NE systemwide demand in megawatt-hours. Data is made available for an hour approximately 6 minutes after the hour ends. ,ISO-NE（新英格兰独立系统运营商）系统范围的小时总需求，单位为兆瓦时。数据在小时结束后大约6分钟提供。,done,
300,isone_marginal_fuel_type,Per-fuel marginal flags from ISO-NE's fuel mix feed. Boolean columns indicate which fuel categories were marginal at that timestamp.,来自ISO-NE（新英格兰独立系统运营商）燃料结构数据源的按燃料划分的边际标志。布尔列指示在该时间戳下哪些燃料类别处于边际状态。,done,
301,isone_records,Top 10 daily records for various metrics in ISO-NE.,ISO-NE（新英格兰独立系统运营商）内各项指标的每日前十名记录。,done,
302,isone_records_timeseries,Timeline of new records for ISO-NE,ISO-NE（新英格兰独立系统运营商）新记录的时间线。,done,
303,isone_regulation_clearing_prices_real_time_5_min,Five-minute clearing prices for both regulation capacity and service in real-time in ISO-NE. ,ISO-NE（新英格兰独立系统运营商）实时市场中调频容量和调频服务的五分钟出清价格。,done,
304,isone_reliability_region_load_forecast,"Hourly Load Forecast for the ISO-NE Reliability Regions. 

Forecasts are currently published by the ISO for hourly intervals for each region simultaneously, roughly every half hour, with a roughly 3-day rolling horizon. Forecast publishing has increased over the last 7 years to its current rate, so older data may have fewer forecasts for each interval. The load column is in MW, and the regional percentage represents each location's share of overall demand in ISO-NE. 

The locations included are ISO-NE's Reliability Regions:
* .Z.MAINE
* .Z.NEWHAMPSHIRE
* .Z.VERMONT
* .Z.RHODEISLAND
* .Z.CONNECTICUT
* .Z.WCMASS
* .Z.SEMASS
 * .Z.NEMASSBOST

The three zones with ""MASS"" in the name represent regions within Massachusetts, the highest demand region within New England. Reliability Regions generally overlap with Load Zones in ISO-NE.","ISO-NE（新英格兰独立系统运营商）可靠性区域的小时级负荷预测。

目前，ISO大约每半小时同时发布所有区域的未来约3天滚动周期的小时级预测。预测发布频率在过去7年中逐步提高到当前水平，因此较旧的数据可能每个时间间隔的预测次数较少。负荷列单位为兆瓦，区域百分比表示每个位置在ISO-NE总需求中所占的份额。

所包含的位置是ISO-NE的可靠性区域：
* .Z.MAINE（缅因）
* .Z.NEWHAMPSHIRE（新罕布什尔）
* .Z.VERMONT（佛蒙特）
* .Z.RHODEISLAND（罗德岛）
* .Z.CONNECTICUT（康涅狄格）
* .Z.WCMASS（麻省西部）
* .Z.SEMASS（麻省东南部）
* .Z.NEMASSBOST（麻省东部/波士顿）

名称中包含“MASS”的三个区域代表马萨诸塞州内的分区，该州是新英格兰地区需求最高的区域。在ISO-NE中，可靠性区域通常与负荷区重叠。",done,
305,isone_reserve_requirements_prices_forecast_day_ahead,"Day-ahead reserve prices, requirements, and forecast from ISO-NE. This is hourly data for the system as a whole, reserve zone 7000.",ISO-NE（新英格兰独立系统运营商）的日前备用价格、要求和预测。这是针对整个系统（备用区域7000）的小时级数据。,done,
306,isone_reserve_zone_prices_designations_real_time_5_min,"Five-minute, real-time reserve prices, requirements, and designations by zone in ISO-NE. Includes 10-minute and 30-minute reserve requirements. Published in real-time every 5 minutes.",ISO-NE（新英格兰独立系统运营商）内按区域划分的实时五分钟备用价格、要求和指定。包含10分钟和30分钟的备用要求。实时数据每五分钟发布一次。,done,
307,isone_reserve_zone_prices_designations_real_time_5_min_final,"Final five-minute reserve prices, requirements, and designations by zone in ISO-NE. Includes 10-minute and 30-minute reserve requirements. Published and sometimes updated in the days following the operating day.",ISO-NE（新英格兰独立系统运营商）内按区域划分的最终五分钟备用价格、要求和指定。包含10分钟和30分钟的备用要求。在运行日之后的数天内发布，有时会进行更新。,done,
308,isone_reserve_zone_prices_designations_real_time_hourly_final,"Final hourly reserve prices, requirements, and designations by zone in ISO-NE. Includes 10-minute and 30-minute reserve requirements. Generally published the day following the operating day although sometimes delayed.",ISO-NE（新英格兰独立系统运营商）内按区域划分的最终小时级备用价格、要求和指定。包含10分钟和30分钟的备用要求。通常在运行日的次日发布，但有时会延迟。,done,
309,isone_reserve_zone_prices_designations_real_time_hourly_prelim,"Preliminary hourly reserve prices, requirements, and designations by zone in ISO-NE. Includes 10-minute and 30-minute reserve requirements. Published in real-time during the course of the operating day.",ISO-NE（新英格兰独立系统运营商）内按区域划分的初步小时级备用价格、要求和指定。包含10分钟和30分钟的备用要求。在运行日期间实时发布。,done,
310,isone_solar_forecast_hourly,"Solar Forecast for next 7 days in 1 hour intervals as reported by ISO-NE.

Updated each day at 10:00 AM ET.","ISO-NE（新英格兰独立系统运营商）报告的未来7天太阳能预测，数据间隔为1小时。

每天美国东部时间上午10:00更新。",done,
311,isone_standardized_5_min,"This table is a curated set of five-minute data for ISO-NE. All standardized datasets are intended to speed up analysis and feature engineering work by providing commonly used data series in one denormalized table. 

The standardized datasets are a convenience for API users who only want to query one dataset for each ISO. If you plan on loading in every dataset or want to work with multiple series alone or together it is recommended to pull the individual datasets to have full visibility into each one.

⚠️ Not all data series are present for the entire length of the dataset. This can occur due to a lack of historical data or the publication of new core datasets by an ISO.","此表格是ISO-NE（新英格兰独立系统运营商）经过精选的五分钟数据集合。所有标准化数据集旨在通过在一个非规范化表中提供常用的数据系列，来加速分析和特征工程工作。

标准化数据集是为API用户提供的便利，方便他们只需查询每个ISO的一个数据集即可。如果您计划加载所有数据集，或希望单独或组合使用多个数据系列，建议拉取各个独立的数据集，以便完全了解每个数据集的详情。

⚠️ 并非所有数据系列在整个数据集的时间范围内都存在。这可能是由于历史数据缺失或ISO发布了新的核心数据集所致。",done,
312,isone_standardized_hourly,"This table is a curated set of hourly data for ISO-NE. All standardized datasets are intended to speed up analysis and feature engineering work by providing commonly used data series in one denormalized table. Data in this feed is resampled to an hourly frequency from five minutes.

The standardized datasets are a convenience for API users who only want to query one dataset for each ISO. If you plan on loading in every dataset or want to work with multiple series alone or together it is recommended to pull the individual datasets to have full visibility into each one.

⚠️ Not all data series are present for the entire length of the dataset. This can occur due to a lack of historical data or the publication of new core datasets by an ISO.","此表格是ISO-NE（新英格兰独立系统运营商）经过精选的小时级数据集合。所有标准化数据集旨在通过在一个非规范化表中提供常用的数据系列，来加速分析和特征工程工作。此数据源中的数据是从五分钟频率重采样为小时频率。

标准化数据集是为API用户提供的便利，方便他们只需查询每个ISO的一个数据集即可。如果您计划加载所有数据集，或希望单独或组合使用多个数据系列，建议拉取各个独立的数据集，以便完全了解每个数据集的详情。

⚠️ 并非所有数据系列在整个数据集的时间范围内都存在。这可能是由于历史数据缺失或ISO发布了新的核心数据集所致。",done,
313,isone_total_demand_5_min,"Five-minute load data from ISO-NE, including load without BTM solar and including resource charging and pumping. The dataset includes 5 columns with different load levels.                  

- Total Load- System load net of behind-the-meter (BTM) solar, including energy storage charging
- Native Load- ISO-NE’s reported load figure, which excludes both BTM solar generation and energy storage charging (the value shown in isone_load)
- Storage load- Estimated charging demand from battery energy storage systems (BESS) and pumped hydro facilities
- Total Load with Estimated Solar- Gross electric consumption including BTM solar generation and energy storage charging (represents total electricity demand before any BTM solar offset)
- Native Load with Estimated Solar-  ISO-NE's reported load plus estimated BTM solar generation, excluding energy storage charging","来自ISO-NE（新英格兰独立系统运营商）的五分钟负荷数据，包含扣除表后（BTM）太阳能后的负荷，并包括资源充电和抽水负荷。该数据集包含5个不同负荷水平的列。

- 总负荷：扣除表后太阳能后的系统负荷，包含储能充电。
- 原始负荷：ISO-NE报告的负荷数据，该数据排除了表后太阳能发电和储能充电（即 isone_load 中显示的值）。
- 储能负荷：来自电池储能系统和抽水蓄能设施的估计充电需求。
- 含估计太阳的总负荷：包含表后太阳能发电和储能充电的总电力消耗（代表在扣除任何表后太阳能之前的电力总需求）。
- 含估计太阳的原始负荷：ISO-NE报告的负荷加上估计的表后太阳能发电量，不包括储能充电。",done,
314,isone_wind_forecast_hourly,"Wind Forecast for next 7 days in 1 hour intervals as reported by ISO-NE.

Updated each day at 10:00 AM ET.","ISO-NE（新英格兰独立系统运营商）报告的未来7天风电预测，数据间隔为1小时。

每天美国东部时间上午10:00更新。",done,
315,isone_zonal_load_estimated_5_min,Estimated five minute zonal load and BTM solar generation across all 8 of ISO-NE’s forecast zones. ,跨越ISO-NE（新英格兰独立系统运营商）所有8个预测区域的估计五分钟区域负荷和表后（BTM）太阳能发电量。,done,
316,isone_zonal_load_real_time_hourly,"Actual Hourly Demand by load zone, published by the ISO.


As exact hourly demand requires some settlement processes by the ISO, this data is typically 3-5 days delayed from the current time. Demand is given in MW.","ISO（新英格兰独立系统运营商）发布的按负荷区划分的实际小时需求。

由于精确的小时需求需要ISO执行一些结算流程，此数据通常比当前时间延迟3-5天。需求单位为兆瓦。",done,
318,miso_as_mcp_day_ahead_ex_ante,Hourly marginal clearing prices (MCPs) for ancillary services in MISO from the day-ahead market. These are the Ex Ante prices.,MISO（中部独立系统运营商）日前市场中辅助服务的小时级边际出清价格（MCPs）。这些是事前价格。,done,
319,miso_as_mcp_day_ahead_ex_post,Hourly marginal clearing prices (MCPs) for ancillary services in MISO from the day-ahead market. These are the Ex Post prices.,MISO（中部独立系统运营商）日前市场中辅助服务的小时级边际出清价格（MCPs）。这些是事后价格。,done,
320,miso_as_mcp_real_time_5_min_ex_ante,"Five-minute, real-time marginal clearing prices (MCPs) for ancillary services in MISO. These are the Ex Ante prices.",MISO（中部独立系统运营商）中辅助服务的五分钟实时边际出清价格（MCPs）。这些是事前价格。,done,
321,miso_as_mcp_real_time_5_min_ex_post_final,"Five-minute, real-time marginal clearing prices (MCPs) for ancillary services in MISO. These are the Ex Post final prices.",MISO（中部独立系统运营商）中辅助服务的五分钟实时边际出清价格（MCPs）。这些是事后最终价格。,done,
322,miso_as_mcp_real_time_5_min_ex_post_prelim,"Five-minute, real-time marginal clearing prices (MCPs) for ancillary services in MISO. These are the Ex Post preliminary prices.",MISO（中部独立系统运营商）中辅助服务的五分钟实时边际出清价格（MCPs）。这些是事后初步价格。,done,
323,miso_as_mcp_real_time_hourly_ex_post_final,"Hourly, real-time marginal clearing prices (MCPs) for ancillary services in MISO. These are the Ex Post final prices.",MISO（中部独立系统运营商）中辅助服务的小时级实时边际出清价格（MCPs）。这些是事后最终价格。,done,
324,miso_as_mcp_real_time_hourly_ex_post_prelim,"Hourly, real-time marginal clearing prices (MCPs) for ancillary services in MISO. These are the Ex Post preliminary prices. ",MISO（中部独立系统运营商）中辅助服务的小时级实时边际出清价格（MCPs）。这些是事后初步价格。,done,
325,miso_binding_constraint_overrides_real_time_5_min,"Real-time, five-minute, overrides for binding constraints in MISO. ",MISO（中部独立系统运营商）中绑定约束的实时五分钟覆盖数据。,done,
326,miso_binding_constraints_day_ahead_hourly,"Day-ahead, hourly, binding constraints in MISO. 

Constraints are limited elements of the transmission system, when binding power flow is limited between locations by the constraint. Managing these may require generators to be dispatched out of the merit order.","MISO（中部独立系统运营商）中的日前小时级绑定约束。

约束是输电系统的限制元件，当位置之间的潮流受约束限制时，即为绑定约束。管理这些约束可能要求发电机不按经济顺序调度。",done,
327,miso_binding_constraints_real_time_5_min,"Real-time, five-minute, binding constraints in MISO. 

Constraints are limited elements of the transmission system, when binding power flow is limited between locations by the constraint. Managing these may require generators to be dispatched out of the merit order.

This data is made available on the day after the operating day which it covers.","MISO（中部独立系统运营商）中的实时五分钟绑定约束。

约束是输电系统的限制元件，当位置之间的潮流受约束限制时，即为绑定约束。管理这些约束可能要求发电机不按经济顺序调度。

此数据在覆盖的运行日之后的下一天提供。",done,
328,miso_binding_constraints_real_time_intraday,"Active, binding, real-time constraint data from MISO. This dataset should only be used during the current day, for more complete real-time constraint information use [MISO Binding Constraints Real Time 5 Min](https://www.gridstatus.io/datasets/miso_binding_constraints_real_time_5_min), which contains additional information and is published the day following the operating day.",来自MISO（中部独立系统运营商）的活跃、绑定、实时约束数据。此数据集仅供在当前日内使用，如需更完整的实时约束信息，请使用 MISO 实时五分钟绑定约束，后者包含更多信息，并在运行日次日发布。,done,
329,miso_fuel_mix,Fuel Mix in 5 minute intervals as reported by MISO.,MISO（中部独立系统运营商）报告的5分钟间隔燃料结构数据。,done,
330,miso_generation_outages_estimated,"This dataset contains daily 30-day lookback data from MISO on generator outags. Each day, MISO publishes their current estimated outage data for the previous 30 days. This data may update throughout the 30-day lookback, so for the last published value for a partiuclar day use the maximum publish date.

Outage data in this dataset is available by the region and type of outage and represents MISO's forecast of outages for the peak hour in a given day. MISO derives outage data from information filed with the Control Room Operations Window (CROW) system.

The regions are:
* North
* Central
* South
* MISO

The outage types included are:
* Forced
* Derate
* Planned
* Unplanned


This dataset is derived from MISO's *Multiday Operating Margin Forecast Report*. ","该数据集包含MISO（中部独立系统运营商）关于发电机停运的每日30天回溯数据。MISO每天发布其过去30天的当前估计停运数据。此数据可能在30天回溯期内更新，因此要获取特定日期的最后发布值，请使用最大发布日期。

此数据集中的停运数据可按区域和停运类型获取，代表MISO对给定日期高峰时段的停运预测。MISO从提交至控制室操作窗口（CROW）系统的信息中推导出停运数据。

区域包括：
* 北部
* 中部
* 南部
* MISO整体

包含的停运类型有：
* 强制
* 降额
* 计划
* 非计划

该数据集源自MISO的 多日运行裕度预测报告。",done,
331,miso_generation_outages_forecast,"This dataset contains daily week-ahead data and forecasts from MISO on generator outags. Outage data in this dataset is available by the region and type of outage and represents MISO's forecast of outages for the peak hour in a given day. MISO derives outage data from information filed with the Control Room Operations Window (CROW) system.

The regions are:
* North
* Central
* South
* MISO

The outage types included are:
* Forced
* Derate
* Planned
* Unplanned


This dataset is derived from MISO's *Multiday Operating Margin Forecast Report*. ","该数据集包含MISO（中部独立系统运营商）关于发电机停运的每日未来一周数据和预测。此数据集中的停运数据可按区域和停运类型获取，代表MISO对给定日期高峰时段的停运预测。MISO从提交至控制室操作窗口（CROW）系统的信息中推导出停运数据。

区域包括：
* 北部
* 中部
* 南部
* MISO整体

包含的停运类型有：
* 强制
* 降额
* 计划
* 非计划

该数据集源自MISO的 多日运行裕度预测报告。",done,
332,miso_interchange_5_min,"5 minute power flows between MISO and neighboring balancing authorities. These include Associated Electric Cooperative Inc (AECI), Louisville Gas and Electric (LGEE), Manitoba Hydro-Electric Board (MHEB), Ontario (ONT), PJM, Southern Company (SOCO), Southwest Power Association (SPA), Southwest Power Pool (SWPP), and Tennessee Valley Authority (TVA). Additionally, both total scheduled and total real time flows are included. Negative values indicate MISO is importing, positive indicate exports.",MISO（中部独立系统运营商）与相邻平衡区域之间的5分钟电力潮流。这些区域包括：联合电力合作社（AECI）、路易斯维尔天然气与电力公司（LGEE）、马尼托巴水电局（MHEB）、安大略省（ONT）、PJM、南方电力公司（SOCO）、西南电力协会（SPA）、西南电力库（SWPP）和田纳西河流域管理局（TVA）。此外，数据还包含总计划潮流和总实时潮流。负值表示MISO正在进口电力，正值表示出口。,done,
333,miso_interchange_hourly,"Hourly scheduled and real-time power flows between MISO and neighboring balancing authorities. These include Associated Electric Cooperative Inc (AECI), Louisville Gas and Electric (LGEE), Manitoba Hydro-Electric Board (MHEB), Ontario (ONT), PJM, Southern Company (SOCO), Southwest Power Association (SPA), Southwest Power Pool (SWPP), and Tennessee Valley Authority (TVA). Negative values indicate MISO is importing, positive values indicate exports.",MISO（中部独立系统运营商）与相邻平衡区域之间的小时级计划潮流和实时电力潮流。这些区域包括：联合电力合作社（AECI）、路易斯维尔天然气与电力公司（LGEE）、马尼托巴水电局（MHEB）、安大略省（ONT）、PJM、南方电力公司（SOCO）、西南电力协会（SPA）、西南电力库（SWPP）和田纳西河流域管理局（TVA）。负值表示MISO正在进口电力，正值表示出口。,done,
334,miso_lmp_dart_ex_post_5_min,DART spread in MISO between day-ahead hourly ex-post LMPs and real-time 5-minute ex-post final LMPs. Hourly day-ahead values are brought to a 5-minute interval across the hour for the purposes of this dataset.,MISO（中部独立系统运营商）中日前小时级事后LMP（节点边际电价）与实时5分钟事后最终LMP之间的DART（日前与实时价差）价差。在本数据集中，小时日前电价数值在该小时内被转换为5分钟间隔数据。,done,
335,miso_lmp_dart_ex_post_hourly,DART spread in MISO between day-ahead hourly ex-post LMPs and real-time hourly ex-post final LMPs. Both day-ahead and real-time values are at hourly intervals.,MISO（中部独立系统运营商）中日前小时级事后LMP（节点边际电价）与实时小时级事后最终LMP之间的DART（日前与实时价差）价差。日前和实时值均为小时间隔。,done,
336,miso_lmp_day_ahead_hourly,"Day Ahead LMP in hourly intervals as reported by MISO.

This dataset includes the location types:
- *Gennode*
-  *Hub*
-  *Interface*
-  *Loadzone*","MISO（中部独立系统运营商）报告的日前节点边际电价（LMP），数据为小时级间隔。

该数据集包含的位置类型：
- 发电节点
- 枢纽
- 接口
- 负荷区",done,
337,miso_lmp_day_ahead_hourly_ex_ante,"Day-ahead, hourly, Ex-Ante, LMPs publishing by MISO prior to the operating day. Ex-Ante LMPs are published in the early afternoon of the day prior to the market day, several hours before the Ex-Post day-ahead LMPs. The Ex-Ante LMPs are derived from the day-aead market clearing process.

See MISO's *BPM 002 - Energy and Operating Reserves* for additional discussion.","MISO（中部独立系统运营商）在运行日前发布的日前小时级事前（Ex-Ante）节点边际电价（LMP）。事前LMP在市场日之前一天的下午早些时候发布，比事后（Ex-Post）日前LMP早几个小时。事前LMP源自日前市场出清过程。

更多讨论请参见MISO的 *BPM 002 - 能量与运行备用* 文件。",done,
338,miso_lmp_day_ahead_hourly_ex_post,"Day-ahead, hourly, Ex-Post, LMPs publishing by MISO prior to the operating day. Ex-Post LMPs are published in the late afternoon or early evening of the day prior to the market day, several hours after the Ex-Ante day-ahead LMPs.

See MISO's *BPM 002 - Energy and Operating Reserves* for additional discussion.","MISO（中部独立系统运营商）在运行日前发布的日前小时级事后（Ex-Post）节点边际电价（LMP）。事后LMP在市场日之前一天的下午晚些时候或傍晚早些时候发布，比事前（Ex-Ante）日前LMP晚几个小时。

更多讨论请参见MISO的 *BPM 002 - 能量与运行备用* 文件。",done,
339,miso_lmp_real_time_5_min,"Preliminary real-time ExPost LMP prelim in 5 minute intervals as reported by MISO.

This dataset includes the location types:
- *Gennode*
-  *Hub*
-  *Interface*
-  *Loadzone*","MISO（中部独立系统运营商）报告的初步实时事后节点边际电价（LMP），数据为5分钟间隔。

该数据集包含的位置类型：
- 发电节点
- 枢纽
- 接口
- 负荷区",done,
340,miso_lmp_real_time_5_min_ex_ante,"Ex-Ante, real-time, five-minute, LMPs in MISO. These are the LMPs calculated via the *SCED* program on a 5-minute basis in MISO, which produces the economic dispatch. Ex-Ante LMPs in real-time are for informational purposes only. 

Ex-Post LMPs may differ from Ex-Ante LMPs depending on fast start and emergency operations resources.

See MISO's *BPM 002 - Energy and Operating Reserves* for additional discussion.","MISO（中部独立系统运营商）中的事前（Ex-Ante）实时五分钟节点边际电价（LMP）。这些是通过MISO中每五分钟运行一次的 SCED（安全约束经济调度）程序计算得出的LMP，该程序产生经济调度决策。实时中的事前LMP仅供信息参考。

事后（Ex-Post）LMP可能因快速启动和紧急运行资源而与事前LMP有所不同。

更多讨论请参见MISO的 *BPM 002 - 能量与运行备用* 文件。",done,
341,miso_lmp_real_time_5_min_ex_post_final,"Final Ex Post real-time five-minute LMPs in MISO. These are the LMPs calculated after the publication of Preliminary real-time LMPs by MISO following the approval of each Unit Dispatch System (UDS) case.

The Final values are not available immediately in real-time, but calculated via an offline process throughout the operating day and into the next day.

See MISO's *BPM 002 - Energy and Operating Reserves* for additional discussion.","MISO（中部独立系统运营商）中的最终事后（Ex Post）实时五分钟节点边际电价（LMP）。这些是在MISO发布初步实时LMP之后，在每一个机组调度系统（UDS）案例获得批准后计算得出的LMP。

最终值无法立即实时获取，而是在运行日期间及次日通过离线流程计算得出。

更多讨论请参见MISO的 *BPM 002 - 能量与运行备用* 文件。",done,
342,miso_lmp_real_time_5_min_ex_post_prelim,"Preliminary Ex-Post real-time five-minute LMPs in MISO. These are the LMPs calculated automatically in real-time by MISO following the approval of each Unit Dispatch System (UDS) case by the *SCED-Pricing* program.

Ex-Post LMPs may differ from Ex-Ante LMPs depending on fast start and emergency operations resources.

See MISO's *BPM 002 - Energy and Operating Reserves* for additional discussion.","MISO（中部独立系统运营商）中的初步事后（Ex-Post）实时五分钟节点边际电价（LMP）。这些是在每个机组调度系统（UDS）案例获得 SCED-Pricing（安全约束经济调度定价）程序批准后，由MISO自动实时计算得出的LMP。

事后LMP可能因快速启动和紧急运行资源而与事前LMP有所不同。

更多讨论请参见MISO的 *BPM 002 - 能量与运行备用* 文件。",done,
343,miso_lmp_real_time_5_min_final,"Final Five-minute real-time ExPost LMPs for each Pnode in MISO, includes energy, loss, and
congestion components. 

This data updates on Mondays and is provided by MISO on a weekly basis for the week prior to the previous week. 

This dataset includes the location types:
- *Gennode*
-  *Hub*
-  *Interface*
-  *Loadzone*

For more information see the MISO Pricing Reports Guide (PDF): [https://misodocs.blob.core.windows.net/marketreports/Real-Time Preliminary Market LMPs_MISO Pricing Reports Readers Guide.pdf](https://misodocs.blob.core.windows.net/marketreports/Real-Time%20Preliminary%20Market%20LMPs_MISO%20Pricing%20Reports%20Readers%20Guide.pdf)","MISO（中部独立系统运营商）中每个Pnode（物理节点）的最终五分钟实时事后节点边际电价（LMP），包含能量、损耗和阻塞分量。

此数据每周一更新，由MISO每周提供前一周之前一周的数据。

该数据集包含的位置类型：
- 发电节点
- 枢纽
- 接口
- 负荷区

更多信息请参阅MISO定价报告指南（PDF）：https://misodocs.blob.core.windows.net/marketreports/Real-Time Preliminary Market LMPs_MISO Pricing Reports Readers Guide.pdf",done,
344,miso_lmp_real_time_hourly_ex_post_final,"Final, hourly, real-time, Ex Post, LMPs from MISO. MISO integrates the real-time Ex Post LMP over all dispatch intervals in a market hour in order to produce the hourly value. MISO's real-time market is settled on the hourly Ex post LMPs.

The Final values are not available immediately in real-time, but calculated via an offline process throughout the operating day and into the next day.

See MISO's *BPM 002 - Energy and Operating Reserves* for additional discussion.","来自MISO（中部独立系统运营商）的最终、小时级、实时、事后节点边际电价（LMP）。MISO将实时事后LMP在市场小时内的所有调度间隔进行积分，以得出小时值。MISO的实时市场按小时事后LMP结算。

最终值无法立即实时获取，而是在运行日期间及次日通过离线流程计算得出。

更多讨论请参见MISO的 *BPM 002 - 能量与运行备用* 文件。",done,
345,miso_lmp_real_time_hourly_ex_post_prelim,"Preliminary, hourly, real-time, Ex Post LMPs from MISO. MISO integrates the real-time Ex Post LMP over all dispatch intervals in a market hour in order to produce the hourly value. MISO's real-time market is ultimately settled on the hourly Ex post LMPs, but this dataset is the Preliminary values which are calculated in real time, directly following the market hour. 

See MISO's *BPM 002 - Energy and Operating Reserves* for additional discussion.","来自MISO（中部独立系统运营商）的初步、小时级、实时、事后节点边际电价（LMP）。MISO将实时事后LMP在市场小时内的所有调度间隔进行积分，以得出小时值。MISO的实时市场最终按小时事后LMP结算，但此数据集是初步值，在实时中于市场小时结束后立即计算得出。

更多讨论请参见MISO的 *BPM 002 - 能量与运行备用* 文件。",done,
346,miso_lmp_real_time_hourly_final,"Final hourly real-time LMPs for each Pnode in MISO, includes energy, loss, and
congestion components. It takes 3-5 days for MISO to finalize LMPs, so these values
will be delayed by several days from the market date. This dataset includes the location types:
- *Gennode*
-  *Hub*
-  *Interface*
-  *Loadzone*

For more information see the MISO Pricing Reports Guide (PDF): [https://misodocs.blob.core.windows.net/marketreports/Real-Time Preliminary Market LMPs_MISO Pricing Reports Readers Guide.pdf](https://misodocs.blob.core.windows.net/marketreports/Real-Time%20Preliminary%20Market%20LMPs_MISO%20Pricing%20Reports%20Readers%20Guide.pdf)","MISO（中部独立系统运营商）中每个Pnode（物理节点）的最终小时级实时节点边际电价（LMP），包含能量、损耗和阻塞分量。MISO最终确定LMP需要3-5天，因此这些值将比市场日期延迟数天。该数据集包含的位置类型：
- 发电节点
- 枢纽
- 接口
- 负荷区

更多信息请参阅MISO定价报告指南（PDF）：https://misodocs.blob.core.windows.net/marketreports/Real-Time Preliminary Market LMPs_MISO Pricing Reports Readers Guide.pdf",done,
347,miso_lmp_real_time_hourly_prelim,"Preliminary hourly real-time LMPs for each Pnode in MISO, includes energy, loss,
and congestion components. It takes 3-5 days for MISO to finalize LMPs, these are
the interim values before final LMPs are published. This dataset includes the location types:
- *Gennode*
-  *Hub*
-  *Interface*
-  *Loadzone*

For more information see the MISO Pricing Reports Guide (PDF): [https://misodocs.blob.core.windows.net/marketreports/Real-Time Preliminary Market LMPs_MISO Pricing Reports Readers Guide.pdf](https://misodocs.blob.core.windows.net/marketreports/Real-Time%20Preliminary%20Market%20LMPs_MISO%20Pricing%20Reports%20Readers%20Guide.pdf)","MISO（中部独立系统运营商）中每个Pnode（物理节点）的初步小时级实时节点边际电价（LMP），包含能量、损耗和阻塞分量。MISO最终确定LMP需要3-5天，这些是在最终LMP发布之前的临时值。该数据集包含的位置类型：
- 发电节点
- 枢纽
- 接口
- 负荷区

更多信息请参阅MISO定价报告指南（PDF）：https://misodocs.blob.core.windows.net/marketreports/Real-Time Preliminary Market LMPs_MISO Pricing Reports Readers Guide.pdf",done,
348,miso_load,Load in 5 minute intervals as reported by MISO.,MISO（中部独立系统运营商）报告的5分钟间隔负荷数据。,done,
349,miso_load_forecast,"MISO total mid-term load forecast (MTLF) for the current and future days resampled
to 5 minute intervals.

[Guide to data](https://misodocs.blob.core.windows.net/marketreports/Daily%20Forecast%20and%20Actual%20Load%20by%20Local%20Resource%20Zone_Daily%20Forecast%20and%20Actual%20Load%20Report%20by%20Local%20Resource%20Zone%20Report%20Readers%20Guide.pdf)","MISO（中部独立系统运营商）当前及未来日期的中期总负荷预测（MTLF），重采样至5分钟间隔。

数据指南",done,
350,miso_load_forecast_mid_term,"MISO mid-term load forecast (MTLF) for each Local Resource Zone (LRZ) for the current and future days at hourly intervals.  

These LRZs are grouped by number and contain the following Local Balancing Authorities  

* Zone 1: DCP, GRE, MDU, MP, NSP, OTP, SMP
* Zone 2 and 7: ATLE, MGE, UPPC, WEC, WPS, CONS, DECO
* Zone 3 and 5: ALTW, MEC, MPW, AMMO, CWLP
* Zone 4: AMIL, CWLP, SIPC
* Zone 6: BREC, DUK(IN), HE, IPL, NIPSCO, SIGE
* Zone 8, 9, and 10: EAI, CLEC, EES, LAFA, LAGN, LEPA, SME,

More info: [Guide to data](https://misodocs.blob.core.windows.net/marketreports/Daily%20Forecast%20and%20Actual%20Load%20by%20Local%20Resource%20Zone_Daily%20Forecast%20and%20Actual%20Load%20Report%20by%20Local%20Resource%20Zone%20Report%20Readers%20Guide.pdf)","MISO（中部独立系统运营商）每个本地资源区（LRZ）当前及未来日期的中期负荷预测（MTLF），数据为小时级间隔。

这些LRZ按编号分组，包含以下本地平衡机构：

* 区域1：DCP, GRE, MDU, MP, NSP, OTP, SMP
* 区域2和7：ATLE, MGE, UPPC, WEC, WPS, CONS, DECO
* 区域3和5：ALTW, MEC, MPW, AMMO, CWLP
* 区域4：AMIL, CWLP, SIPC
* 区域6：BREC, DUK(IN), HE, IPL, NIPSCO, SIGE
* 区域8、9和10：EAI, CLEC, EES, LAFA, LAGN, LEPA, SME

更多信息：数据指南",done,
351,miso_look_ahead_hourly,"Hourly load and outage forecasts in MISO for the next seven days. While source data for this dataset is in GW, it is converted and available here in MW",MISO（中部独立系统运营商）未来七天的小时级负荷和停运预测。虽然此数据集的源数据单位为吉瓦，但已在此处转换并以兆瓦提供。,done,
352,miso_multiday_operating_margin,Multiday operational outlook from MISO.,MISO（中部独立系统运营商）的多日运行展望。,done,
353,miso_multiday_operating_margin_regional,Multiday operational outlook from MISO.,MISO（中部独立系统运营商）的多日运行展望。,done,
354,miso_records,Top 10 daily records for various metrics in MISO,MISO（中部独立系统运营商）内各项指标的每日前十名记录,done,
355,miso_records_timeseries,Timeline of new records for MISO,MISO（中部独立系统运营商）新记录的时间线,done,
356,miso_solar_forecast_hourly,Hourly Solar Forecast for the next 6 days as reported by MISO.,MISO（中部独立系统运营商）报告的未来6天小时级太阳能预测。,done,
357,miso_standardized_5_min,"This table is a curated set of five-minute data for MISO. All standardized datasets are intended to speed up analysis and feature engineering work by providing commonly used data series in one denormalized table. Data in this feed is resampled to an hourly frequency from five minutes.

The standardized datasets are a convenience for API users who only want to query one dataset for each ISO. If you plan on loading in every dataset or want to work with multiple series alone or together it is recommended to pull the individual datasets to have full visibility into each one.

⚠️ Not all data series are present for the entire length of the dataset. This can occur due to a lack of historical data or the publication of new core datasets by an ISO.","此表格是MISO（中部独立系统运营商）经过精选的五分钟数据集合。所有标准化数据集旨在通过在一个非规范化表中提供常用的数据系列，来加速分析和特征工程工作。此数据源中的数据是从五分钟频率重采样为小时频率。

标准化数据集是为API用户提供的便利，方便他们只需查询每个ISO的一个数据集即可。如果您计划加载所有数据集，或希望单独或组合使用多个数据系列，建议拉取各个独立的数据集，以便完全了解每个数据集的详情。

⚠️ 并非所有数据系列在整个数据集的时间范围内都存在。这可能是由于历史数据缺失或ISO发布了新的核心数据集所致。",done,
358,miso_standardized_hourly,"This table is a curated set of hourly data for MISO. All standardized datasets are intended to speed up analysis and feature engineering work by providing commonly used data series in one denormalized table. 

The standardized datasets are a convenience for API users who only want to query one dataset for each ISO. If you plan on loading in every dataset or want to work with multiple series alone or together it is recommended to pull the individual datasets to have full visibility into each one.

⚠️ Not all data series are present for the entire length of the dataset. This can occur due to a lack of historical data or the publication of new core datasets by an ISO.","此表格是MISO（中部独立系统运营商）经过精选的小时级数据集合。所有标准化数据集旨在通过在一个非规范化表中提供常用的数据系列，来加速分析和特征工程工作。

标准化数据集是为API用户提供的便利，方便他们只需查询每个ISO的一个数据集即可。如果您计划加载所有数据集，或希望单独或组合使用多个数据系列，建议拉取各个独立的数据集，以便完全了解每个数据集的详情。

⚠️ 并非所有数据系列在整个数据集的时间范围内都存在。这可能是由于历史数据缺失或ISO发布了新的核心数据集所致。",done,
359,miso_subregional_power_balance_constraints_day_ahead_hourly,Day-ahead binding sub-regional power balance constraints in MISO. This dataset contains information on the hours in which the North-South interface connecting the Midwest and South regions of MISO is binding.,MISO（中部独立系统运营商）中的日前绑定子区域功率平衡约束。该数据集包含连接MISO中西部和南部地区的南北联络线处于绑定状态的小时信息。,done,
360,miso_subregional_power_balance_constraints_real_time_5_min,Real-time binding sub-regional power balance constraints in MISO. This dataset contains information on the hours in which the North-South interface connecting the Midwest and South regions of MISO is binding.,MISO（中部独立系统运营商）中的实时绑定子区域功率平衡约束。该数据集包含连接MISO中西部和南部地区的南北联络线处于绑定状态的小时信息。,done,
361,miso_wind_forecast_hourly,"Hourly Wind Forecast for the next 6 days as reported by MISO. Published each day
",MISO（中部独立系统运营商）报告的未来6天小时级风电预测。每日发布。,done,
362,miso_zonal_load_hourly,"Load by Local Resource Zone (LRZ) in MISO in hourly intervals. 

Published each morning for previous day. 

These LZRs are grouped by number and contain the following Local Balancing Authorities  

* Zone 1: DCP, GRE, MDU, MP, NSP, OTP, SMP
* Zone 2 and 7: ATLE, MGE, UPPC, WEC, WPS, CONS, DECO
* Zone 3 and 5: ALTW, MEC, MPW, AMMO, CWLP
* Zone 4: AMIL, CWLP, SIPC
* Zone 6: BREC, DUK(IN), HE, IPL, NIPSCO, SIGE
* Zone 8, 9, and 10: EAI, CLEC, EES, LAFA, LAGN, LEPA, SME,

More info: [Guide to data](https://misodocs.blob.core.windows.net/marketreports/Daily%20Forecast%20and%20Actual%20Load%20by%20Local%20Resource%20Zone_Daily%20Forecast%20and%20Actual%20Load%20Report%20by%20Local%20Resource%20Zone%20Report%20Readers%20Guide.pdf)","MISO（中部独立系统运营商）内按本地资源区（LRZ）划分的小时级负荷数据。

每天上午发布前一天的负荷数据。

这些LRZ按编号分组，包含以下本地平衡机构：

* 区域1：DCP, GRE, MDU, MP, NSP, OTP, SMP
* 区域2和7：ATLE, MGE, UPPC, WEC, WPS, CONS, DECO
* 区域3和5：ALTW, MEC, MPW, AMMO, CWLP
* 区域4：AMIL, CWLP, SIPC
* 区域6：BREC, DUK(IN), HE, IPL, NIPSCO, SIGE
* 区域8、9和10：EAI, CLEC, EES, LAFA, LAGN, LEPA, SME

更多信息：数据指南",done,
363,nyiso_as_prices_day_ahead_hourly,Day-Ahead hourly prices for ancillary services products in the NYISO market.,NYISO（纽约独立系统运营商）市场中辅助服务产品的日前小时级价格。,done,
364,nyiso_as_prices_real_time_5_min,Real-time five-minute prices for ancillary services products in the NYISO market.,NYISO（纽约独立系统运营商）市场中辅助服务产品的实时五分钟价格。,done,
365,nyiso_btm_solar,"Estimated actual BTM Solar production
in hourly intervals as reported by NYISO
for system and zone level data.

Daily data published ~8 hour after end of previous day.","NYISO（纽约独立系统运营商）报告的系统级和区域级估计实际表后太阳能发电量，数据为小时级间隔。

每日数据在当日结束后约8小时发布。",done,
366,nyiso_btm_solar_forecast,"Forecasted BTM Solar production
in hourly intervals as reported by NYISO
for system and zone level data.

Daily data published at ~8am ET for next day.","NYISO（纽约独立系统运营商）报告的系统级和区域级预测表后太阳能发电量，数据为小时级间隔。

每日数据在美国东部时间上午8点左右发布，针对次日。",done,
367,nyiso_fuel_mix,"Fuel Mix for NYISO resampled to 5 minute intervals.

💡 The main differentiating element of the NYISO fuel mix relative
to other ISOs is the presence of *Dual Fuel*.

Rather than changing units between multiple fuels in the data as they
switch, *Dual Fuel* units in NYISO represent generators that can run
on either fuel oil or natural gas. In most hours these units will be
running on natural gas, which tends to be cheaper. This is possible
to ascertain from systemwide prices when there is a significant price
spread between fuel oil and natural gas.","重采样至5分钟间隔的NYISO（纽约独立系统运营商）燃料结构数据。

💡 NYISO燃料结构相对于其他ISO的主要区别在于存在 双燃料 类别。

与在数据中根据机组切换在不同燃料间改变分类不同，NYISO中的 双燃料 机组代表那些既可以使用燃油也可以使用天然气的发电机。在大多数小时，这些机组将运行在成本通常更低的天然气上。当燃油和天然气之间存在显著价差时，这一点可以从系统范围的价格中得以确认。",done,
368,nyiso_fuel_mix_raw,"Fuel Mix as reported by NYISO. Typically in 5-minute intervals, but with occasional off-interval entries, e.g. 18:01 or 17:57.

💡 The main differentiating element of the NYISO fuel mix relative
to other ISOs is the presence of *Dual Fuel*.

Rather than changing units between multiple fuels in the data as they
switch, *Dual Fuel* units in NYISO represent generators that can run
on either fuel oil or natural gas. In most hours these units will be
running on natural gas, which tends to be cheaper. This is possible
to ascertain from systemwide prices when there is a significant price
spread between fuel oil and natural gas.","NYISO（纽约独立系统运营商）报告的燃料结构数据。通常为5分钟间隔，但偶尔会出现非标准时间点的记录，例如18:01或17:57。

💡 NYISO燃料结构相对于其他ISO的主要区别在于存在 双燃料 类别。

与在数据中根据机组切换在不同燃料间改变分类不同，NYISO中的 双燃料 机组代表那些既可以使用燃油也可以使用天然气的发电机。在大多数小时，这些机组将运行在成本通常更低的天然气上。当燃油和天然气之间存在显著价差时，这一点可以从系统范围的价格中得以确认。",done,
369,nyiso_interface_limits_and_flows_5_min,"Transfer Limits and five-minute flows for both internal NYISO interfaces and external tie flows between NYISO and HQ, IESO, PJM, and ISO-NE. Positive values indicate imports and negative values indicate exports. 

Interfaces by neighboring region:

- Hydro-Québec (HQ):
    - SCH - HQ - NY
    - SCH - HQ_CEDARS
    - SCH - HQ_CHPE
    - SCH - HQ_IMPORT_EXPORT
- PJM
    - SCH - PJ - NY
    - SCH - PJM_HTP
    - SCH - PJM_NEPTUNE
    - SCH - PJM_VFT
- ISO-New England
    - SCH - NE - NY
    - SCH - NPX_1385
    - SCH - NPX_CSC
- IESO
    - SCH - OH - NY
- NYISO Internal Interfaces
    - CENTRAL EAST - VC
    - DYSINGER EAST
    - MOSES SOUTH
    - SPR/DUN-SOUTH
    - TOTAL EAST
    - UPNY CONED
    - WEST CENTRAL","NYISO（纽约独立系统运营商）内部联络线以及NYISO与HQ（魁北克水电）、IESO（安大略省独立电力系统运营商）、PJM和ISO-NE之间外部联络线的传输限值和五分钟潮流。正值表示进口，负值表示出口。

按相邻区域划分的接口：

- 魁北克水电公司（HQ）：
 - SCH - HQ - NY
 - SCH - HQ_CEDARS
 - SCH - HQ_CHPE
 - SCH - HQ_IMPORT_EXPORT
- PJM
 - SCH - PJ - NY
 - SCH - PJM_HTP
 - SCH - PJM_NEPTUNE
 - SCH - PJM_VFT
- 新英格兰ISO（ISO-NE）
 - SCH - NE - NY
 - SCH - NPX_1385
 - SCH - NPX_CSC
- IESO（安大略省独立电力系统运营商）
 - SCH - OH - NY
- NYISO内部接口
 - CENTRAL EAST - VC
 - DYSINGER EAST
 - MOSES SOUTH
 - SPR/DUN-SOUTH
 - TOTAL EAST
 - UPNY CONED
 - WEST CENTRAL",done,
370,nyiso_lake_erie_circulation_day_ahead,"Day-ahead, hourly, scheduled flows around Lake Erie affecting NYISO transmission. ",围绕伊利湖、影响NYISO（纽约独立系统运营商）输电的日前小时级计划潮流。,done,
371,nyiso_lake_erie_circulation_real_time,"Real-time, five-minute, observed Lake Erie Loop flows affecting NYISO transmission. ",影响NYISO（纽约独立系统运营商）输电的实时五分钟观测伊利湖环流数据。,done,
372,nyiso_limiting_constraints_day_ahead,"This dataset contains day-ahead binding constraint data in NYISO. NYISO includes the constraint, contingency, congestion cost, as well as the facility ID. ",该数据集包含NYISO（纽约独立系统运营商）中的日前绑定约束数据。NYISO提供的数据包括约束、事故、阻塞成本以及设施ID。,done,
373,nyiso_limiting_constraints_real_time,"Real-time limiting constraints in NYISO.

There will often be SCED data repricing events in NYISO that result in 2 constraint costs for a given interval. Here we have provided a `gs_entity_id` column to identify unique rows.","NYISO（纽约独立系统运营商）中的实时限制约束。

NYISO中经常会发生SCED（安全约束经济调度）数据重新定价事件，导致给定时间间隔内出现两个约束成本。在此我们提供了一个 gs_entity_id 列来标识唯一行。",done,
374,nyiso_lmp_dart_15_min,DART spread in NYISO between day-ahead hourly LMPs and real-time 15-minute LMPs. Hourly day-ahead values are brought to a 15-minute interval across the hour for the purposes of this dataset.,NYISO（纽约独立系统运营商）中日前小时级LMP（节点边际电价）与实时15分钟LMP之间的DART（日前与实时价差）价差。在本数据集中，小时日前电价数值在该小时内被转换为15分钟间隔数据。,done,
375,nyiso_lmp_dart_5_min,DART spread in NYISO between day-ahead hourly LMPs and real-time 5-minute LMPs. Hourly day-ahead values are brought to a 5-minute interval across the hour for the purposes of this dataset.,NYISO（纽约独立系统运营商）中日前小时级LMP（节点边际电价）与实时5分钟LMP之间的DART（日前与实时价差）价差。在本数据集中，小时日前电价数值在该小时内被转换为5分钟间隔数据。,done,
376,nyiso_lmp_dart_hourly,DART spread in NYISO between day-ahead hourly LMPs and real-time hourly LMPs. Both day-ahead and real-time values are at hourly intervals.,NYISO（纽约独立系统运营商）中日前小时级LMP（节点边际电价）与实时小时级LMP之间的DART（日前与实时价差）价差。日前和实时值均为小时间隔。,done,
377,nyiso_lmp_day_ahead_hourly,"NYISO LMPs in hourly intervals as reported by NYISO.

Includes All zone and generator level data. The location types present are:

- *Generator*
- *Zone* 

NOTE: in NYISO's raw data, a negative congestion component results in a higher LMP
value, which is the opposite of other ISOs. Thus, we flip the sign on the
congestion component before inserting into our database to be consistent with other
ISOs. This means that in our database, LMP = Energy + Congestion + Loss.","NYISO（纽约独立系统运营商）报告的小时级节点边际电价（LMP）。

包含所有区域和机组级数据。存在的位置类型包括：

- 发电机
- 区域

注意：在NYISO的原始数据中，负的阻塞分量会导致更高的LMP值，这与其他ISO的规则相反。因此，在插入我们的数据库之前，我们对阻塞分量的符号进行了翻转，以与其他ISO保持一致。这意味着在我们的数据库中，LMP = 能量分量 + 阻塞分量 + 损耗分量。",done,
378,nyiso_lmp_real_time_15_min,"NYISO LMPs in 15 minute intervals as reported by NYISO. These are Real Time
Commitment (RTC) values. RTC runs every 15 minutes and looks ahead 2.5 hours.

Includes All zone and generator level data. The location types present are:

- *Generator*
- *Zone* 

NOTE: in NYISO's raw data, a negative congestion component results in a higher LMP
value, which is the opposite of other ISOs. Thus, we flip the sign on the
congestion component before inserting into our database to be consistent with other
ISOs. This means that in our database, LMP = Energy + Congestion + Loss.","NYISO（纽约独立系统运营商）报告的15分钟间隔节点边际电价（LMP）。这些是实时机组承诺（RTC）值。RTC每15分钟运行一次，并前瞻2.5小时。

包含所有区域和机组级数据。存在的位置类型包括：

- 发电机
- 区域

注意：在NYISO的原始数据中，负的阻塞分量会导致更高的LMP值，这与其他ISO的规则相反。因此，在插入我们的数据库之前，我们对阻塞分量的符号进行了翻转，以与其他ISO保持一致。这意味着在我们的数据库中，LMP = 能量分量 + 阻塞分量 + 损耗分量。",done,
379,nyiso_lmp_real_time_5_min,"NYISO LMPs in 5 minute intervals as reported by NYISO. These are Real Time
Dispatch (RTD) values. RTD runs every 5 minutes in real time.

Includes All zone and generator level data. The location types present are:

- *Generator*
- *Zone* 

NOTE: in NYISO's raw data, a negative congestion component results in a higher LMP
value, which is the opposite of other ISOs. Thus, we flip the sign on the
congestion component before inserting into our database to be consistent with other
ISOs. This means that in our database, LMP = Energy + Congestion + Loss.","NYISO（纽约独立系统运营商）报告的5分钟间隔节点边际电价（LMP）。这些是实时调度（RTD）值。RTD在实时中每5分钟运行一次。

包含所有区域和机组级数据。存在的位置类型包括：

- 发电机
- 区域

注意：在NYISO的原始数据中，负的阻塞分量会导致更高的LMP值，这与其他ISO的规则相反。因此，在插入我们的数据库之前，我们对阻塞分量的符号进行了翻转，以与其他ISO保持一致。这意味着在我们的数据库中，LMP = 能量分量 + 阻塞分量 + 损耗分量。",done,
380,nyiso_lmp_real_time_hourly,"Real-time LMPs in hourly intervals as reported by NYISO.

Includes all zone and generator level data. The location types present are:

Generator
Zone
NOTE: in NYISO's raw data, a negative congestion component results in a higher LMP value, which is the opposite of other ISOs. Thus, we flip the sign on the congestion component before inserting into our database to be consistent with other ISOs. This means that in our database, LMP = Energy + Congestion + Loss.","NYISO（纽约独立系统运营商）报告的小时级实时节点边际电价（LMP）。

包含所有区域和机组级数据。存在的位置类型包括：

- 发电机
- 区域

注意：在NYISO的原始数据中，负的阻塞分量会导致更高的LMP值，这与其他ISO的规则相反。因此，在插入我们的数据库之前，我们对阻塞分量的符号进行了翻转，以与其他ISO保持一致。这意味着在我们的数据库中，LMP = 能量分量 + 阻塞分量 + 损耗分量。",done,
381,nyiso_load,Load for NYISO resampled to 5 minute intervals.,NYISO（纽约独立系统运营商）的负荷数据，重采样至5分钟间隔。,done,
382,nyiso_load_forecast,Load Forecast reported by NYISO resampled to 5 minute intervals,NYISO（纽约独立系统运营商）报告的负荷预测数据，重采样至5分钟间隔。,done,
383,nyiso_load_forecast_hourly,"⚠️ This dataset is deprecated in favor of  [nyiso_zonal_load_forecast_hourly](https://www.gridstatus.io/datasets/nyiso_zonal_load_forecast_hourly) which contains this same system wide forecast alongside the zonal load forecasts. 

Load Forecast in 1 hour intervals as reported by NYISO.

Published by 8am ET each day.
","⚠️ 本数据集已弃用，请改用 nyiso_zonal_load_forecast_hourly。该数据集同时包含本数据集所提供的全系统负荷预测以及分区负荷预测。

NYISO（纽约独立系统运营商）发布的间隔为1小时的负荷预测。

每日美国东部时间上午8点发布。",done,
384,nyiso_load_raw,Load as reported by NYISO. Includes each region,NYISO（纽约独立系统运营商）发布的负荷数据。包含每个区域的负荷。,done,
385,nyiso_records,Top 10 daily records for various metrics in NYISO,NYISO（纽约独立系统运营商）内各项指标的每日前十名记录,done,
386,nyiso_records_timeseries,Timeline of new records for NYISO,NYISO（纽约独立系统运营商）新记录的时间线,done,
387,nyiso_standardized_5_min,"This table is a curated set of five-minute data for NYISO. All standardized datasets are intended to speed up analysis and feature engineering work by providing commonly used data series in one denormalized table. 

The standardized datasets are a convenience for API users who only want to query one dataset for each ISO. If you plan on loading in every dataset or want to work with multiple series alone or together it is recommended to pull the individual datasets to have full visibility into each one.

⚠️ Not all data series are present for the entire length of the dataset. This can occur due to a lack of historical data or the publication of new core datasets by an ISO.","此表格是NYISO（纽约独立系统运营商）经过精选的五分钟数据集合。所有标准化数据集旨在通过在一个非规范化表中提供常用的数据系列，来加速分析和特征工程工作。

标准化数据集是为API用户提供的便利，方便他们只需查询每个ISO的一个数据集即可。如果您计划加载所有数据集，或希望单独或组合使用多个数据系列，建议拉取各个独立的数据集，以便完全了解每个数据集的详情。

⚠️ 并非所有数据系列在整个数据集的时间范围内都存在。这可能是由于历史数据缺失或ISO发布了新的核心数据集所致。",done,
388,nyiso_standardized_hourly,"This table is a curated set of hourly data for NYSIO. All standardized datasets are intended to speed up analysis and feature engineering work by providing commonly used data series in one denormalized table. Data in this feed is resampled to an hourly frequency from five minutes.

The standardized datasets are a convenience for API users who only want to query one dataset for each ISO. If you plan on loading in every dataset or want to work with multiple series alone or together it is recommended to pull the individual datasets to have full visibility into each one.

⚠️ Not all data series are present for the entire length of the dataset. This can occur due to a lack of historical data or the publication of new core datasets by an ISO.","此表格是NYISO（纽约独立系统运营商）经过精选的小时级数据集合。所有标准化数据集旨在通过在一个非规范化表中提供常用的数据系列，来加速分析和特征工程工作。此数据源中的数据是从五分钟频率重采样为小时频率。

标准化数据集是为API用户提供的便利，方便他们只需查询每个ISO的一个数据集即可。如果您计划加载所有数据集，或希望单独或组合使用多个数据系列，建议拉取各个独立的数据集，以便完全了解每个数据集的详情。

⚠️ 并非所有数据系列在整个数据集的时间范围内都存在。这可能是由于历史数据缺失或ISO发布了新的核心数据集所致。",done,
389,nyiso_zonal_load_forecast_hourly,"Hourly load forecasts by NYISO for each zone as well as the entire ISO.

Zones in NYISO have full names, abbreviations, and letter signifiers. The abbreviated names are used as columns in this dataset. The list of zones is: 

* A: West (west)
* B: Genese (genese)
* C: Central (centrl)
* D: North (north)
* E: Mohawk Valley (mhk_vl)
* F: Capital (capilt)
* G: Hudson Valley (hud_vl)
* H: Millwood (millwd)
* I: Dunwoodie (dunwod)
* J: N.Y.C (nyc)
* K: Long Island (longil)

Published by 8am ET each day.","NYISO（纽约独立系统运营商）为每个区域以及整个ISO提供的小时级负荷预测。

NYISO中的区域有全称、缩写和字母标识符。缩写名称用作此数据集中的列名。区域列表如下：

* A：西部 (west)
* B：杰尼西 (genese)
* C：中部 (centrl)
* D：北部 (north)
* E：莫霍克河谷 (mhk_vl)
* F：首府 (capilt)
* G：哈德逊河谷 (hud_vl)
* H：米尔伍德 (millwd)
* I：邓伍迪 (dunwod)
* J：纽约市 (nyc)
* K：长岛 (longil)

每天美国东部时间上午8点前发布。",done,
390,pjm_actual_and_scheduled_interchange_summary,"A breakdown of hourly flows across PJM’s external tie lines. PJM breaks flows down by actual flows, scheduled flows, and inadvertent flows. Inadvertent flows are the difference between Scheduled and Actual flows. This data is released weekly on Sundays. Negative values indicate PJM is exporting whereas positive values indicate imports. ",PJM（宾夕法尼亚-新泽西-马里兰联合电力系统）外部联络线的小时级潮流明细。PJM将潮流细分为实际潮流、计划潮流和无意潮流。无意潮流是计划潮流与实际潮流之间的差值。此数据每周日发布。负值表示PJM正在出口电力，而正值表示进口。,done,
391,pjm_actual_operational_statistics,"Actual load and dispatch rate data by zone. PJM combines load zones in the Mid-A, whereas it separates this data by zone for all others. This data is updated in the morning with information regarding the prior day. ",按区域划分的实际负荷和调度率数据。PJM将Mid-A区域的负荷区合并，而其他区域则按各自区域分别提供此数据。此数据在每天上午使用前一日的信息进行更新。,done,
392,pjm_area_control_error,Area Control Error (ACE) measures the imbalance between supply and demand. PJM calculates this value in MWs every 15 seconds. Negative ACE values tend to indicate the need for generation to ramp up while positive ACE values tend to point to generation overcommitment. ,区域控制误差（ACE）用于衡量供需之间的不平衡。PJM（宾夕法尼亚-新泽西-马里兰联合电力系统）每15秒计算一次此值（单位为兆瓦）。负的ACE值通常表明需要增加发电，而正的ACE值则往往指向发电承诺过多。,done,
393,pjm_as_market_results_dam,"Day-ahead hourly ancillary service prices and volumes for PJM. This includes *Synchronized Reserves*, *Primary Reserves*, and *Thirty Minute Reserves*, and covers the entire RTO as well as the Mid-Atlantic/Dominion Reserve Sub-Zone.

This data series begins in the autumn of 2022, when PJM implemented Comprehensive Pricing Reform which altered price formation for reserves. For more on these changes, see [this article](https://insidelines.pjm.com/pjm-implements-reserve-price-formation-changes/) from PJM.","PJM（宾夕法尼亚-新泽西-马里兰联合电力系统）日前市场的辅助服务每小时价格和容量。包括同步备用、一次备用和三十分钟备用，覆盖整个RTO（区域输电组织）以及中大西洋/道明尼恩备用子区。

该数据系列始于2022年秋季，当时PJM实施了全面定价改革，改变了备用的价格形成机制。有关这些变更的更多信息，请参阅PJM的这篇文章。",done,
394,pjm_as_market_results_real_time,"Real-time five-minute ancillary service prices and volumes for PJM. This includes *Regulation*, *Synchronized Reserves*, *Primary Reserves*, and *Thirty Minute Reserves*, and covers the entire RTO, Mid-Atlantic/Dominion (MAD), and Baltimore/Pepco/Dominion (BPD) locales.

This data series begins in the autumn of 2022, when PJM implemented Comprehensive Pricing Reform which altered price formation for reserves. For more on these changes, see [this article](https://insidelines.pjm.com/pjm-implements-reserve-price-formation-changes/) from PJM.","PJM（宾夕法尼亚-新泽西-马里兰联合电力系统）的实时五分钟辅助服务价格和容量。这包括 调频、同步备用、一次备用 和 三十分钟备用，覆盖整个RTO（区域输电组织）、中大西洋/道明尼（MAD）以及巴尔的摩/佩普科/道明尼（BPD）区域。

此数据系列始于2022年秋季，当时PJM实施了综合定价改革，改变了备用的价格形成机制。有关这些变更的更多信息，请参阅PJM的 这篇文章。",done,
395,pjm_as_market_results_real_time_hourly,"Real-time hourly ancillary service prices and volumes for PJM. This includes Regulation, Synchronized Reserves, Primary Reserves, and Thirty Minute Reserves, and covers the entire RTO, Mid-Atlantic/Dominion (MAD), and Baltimore/Pepco/Dominion (BPD) locales.

This data series ends in the autumn of 2022, when PJM implemented Comprehensive Pricing Reform which altered price formation for reserves.","PJM（宾夕法尼亚-新泽西-马里兰联合电力系统）的实时小时级辅助服务价格和容量。这包括 调频、同步备用、一次备用 和 三十分钟备用，覆盖整个RTO（区域输电组织）、中大西洋/道明尼（MAD）以及巴尔的摩/佩普科/道明尼（BPD）区域。

此数据系列于2022年秋季结束，当时PJM实施了综合定价改革，改变了备用的价格形成机制。",done,
396,pjm_cleared_virtuals_daily,"This dataset contains the total quantity, in MWs, of incremental, decremental, and up-to-congestion (UTC) transactions cleared in the PJM Day-Ahead market. ",该数据集包含在PJM（宾夕法尼亚-新泽西-马里兰联合电力系统）日前市场中出清的增量、减量及阻塞上限（UTC）交易的总量，单位为兆瓦。,done,
397,pjm_day_ahead_demand_bids,Hourly day-ahead demand bid data in PJM. This dataset includes records for the entire RTO as well as the Mid-Atlantic and Western regions.,PJM（宾夕法尼亚-新泽西-马里兰联合电力系统）的小时级日前需求报价数据。该数据集包含整个RTO（区域输电组织）以及中大西洋和西部区域的记录。,done,
398,pjm_dispatched_reserves_prelim,"This dataset contains the quantity, requirement, and clearing price for reserves in PJM updated every five minutes. Prices are preliminary and are subject to change in the verification process, with verified prices found [here](https://www.gridstatus.io/datasets/pjm_dispatched_reserves_verified). PJM uses these reserves in order to balance grid frequency in the event of unplanned generator trips, ramps in exports, or other events that may cause [Area Control Error](https://www.gridstatus.io/datasets/pjm_area_control_error) to go negative. 

Reserve types, for both the PJM RTO and Mid-Atlantic/Dominion Reserve subzones include:

- Primary Reserves
- Synchronized Reserves
- Thirty-Minute Reserves (only PJM RTO Reserve Zone)

⚠️ In the event of technical issues PJM typically does not backfill this data.","该数据集包含PJM（宾夕法尼亚-新泽西-马里兰联合电力系统）中每五分钟更新一次的备用数量、要求和出清价格。价格为初步值，在验证过程中可能会发生变化，已验证价格可在 此处 找到。PJM使用这些备用，以便在发生计划外发电机跳闸、出口功率骤增或其他可能导致 区域控制误差 变为负值的事件时平衡电网频率。

针对PJM RTO（区域输电组织）和中大西洋/道明尼备用子区域的备用类型包括：

- 一次备用
- 同步备用
- 三十分钟备用（仅限PJM RTO备用区域）

⚠️ 在出现技术问题时，PJM通常不会事后补填此数据。",done,
399,pjm_dispatched_reserves_verified,"This dataset contains the five-minute verified quantity, prices, and requirement for each of the reserve types in PJM. This data is not updated on the day following the current market day. Preliminary real-time values can be found [here](https://www.gridstatus.io/datasets/pjm_dispatched_reserves_prelim). 

Reserve types, for both the PJM RTO and Mid-Atlantic/Dominion Reserve subzones include:

- Primary Reserves
- Synchronized Reserves
- Thirty-Minute Reserves (only PJM RTO Reserve Zone)","该数据集包含PJM（宾夕法尼亚-新泽西-马里兰联合电力系统）中每种备用类型的五分钟验证数量、价格和要求。此数据不会在当前市场日的次日更新。初步实时值可在 此处 找到。

针对PJM RTO（区域输电组织）和中大西洋/道明尼备用子区域的备用类型包括：

- 一次备用
- 同步备用
- 三十分钟备用（仅限PJM RTO备用区域）",done,
400,pjm_emergency_postings,"This dataset contains emergency alerts, actions, and events in PJM. PJM includes the priority, message type, start time, region impacts, and emergency message. ",该数据集包含PJM（宾夕法尼亚-新泽西-马里兰联合电力系统）中的紧急警报、行动和事件。PJM提供的信息包括优先级、消息类型、开始时间、受影响区域以及紧急消息内容。,done,
401,pjm_ftr_option_paths_monthly,Option Paths for PJM's monthly FTR (Financial Transmission Rights) auction.,PJM（宾夕法尼亚-新泽西-马里兰联合电力系统）月度金融输电权（FTR）拍卖的期权路径。,done,
402,pjm_ftr_source_sink_monthly_non_prompt,"Source-Sink pairs for the non-prompt month FTR (Financial Transmission Rights) auction in PJM.

For prompt month Source-SInk pairs, see [this dataset](https://www.gridstatus.io/datasets/pjm_ftr_source_sink_monthly_prompt).","PJM（宾夕法尼亚-新泽西-马里兰联合电力系统）非即时月份金融输电权（FTR）拍卖的源-汇对。

如需即时月份的源-汇对，请参阅 此数据集。",done,
403,pjm_ftr_source_sink_monthly_prompt,"Source-Sink pairs for the prompt month FTR (Financial Transmission Rights) auction in PJM.

For noon-prompt month Source-SInk pairs, see [this dataset](https://www.gridstatus.io/datasets/pjm_ftr_source_sink_monthly_non_prompt).","PJM（宾夕法尼亚-新泽西-马里兰联合电力系统）当月FTR（金融输电权）拍卖的源-宿对。

关于非当月的源-宿对，请参阅该数据集。",done,
404,pjm_fuel_mix,"PJM fuel mix in 5 minute intervals. Based on hourly fuel mix data that
is resampled and interpolated to 5 minute intervals.",PJM（宾夕法尼亚-新泽西-马里兰联合电力系统）的燃料构成数据，时间间隔为5分钟。该数据基于小时级燃料构成数据，经过重采样和插值处理，转换为5分钟间隔。,done,
405,pjm_fuel_mix_hourly,"Fuel mix by type (Coal, Gas, Hydro, Multiple Fuels, Nuclear, Oil, Solar, Storage, Wind, Other, and Other Renewable) in hourly intervals as reported by PJM.",PJM（宾夕法尼亚-新泽西-马里兰联合电力系统）报告的小时级按类型划分的燃料结构数据（包括：煤、天然气、水力、多燃料、核能、石油、太阳能、储能、风能、其他和其他可再生能源）。,done,
406,pjm_generation_capacity_daily,"Total daily committed generation across PJM, including economic and emergency maximum capacity, reported in megawatts. ",PJM（宾夕法尼亚-新泽西-马里兰联合电力系统）全系统每日承诺的总发电容量，包括经济最大容量和紧急最大容量，单位为兆瓦。,done,
407,pjm_inc_and_dec_bids_day_ahead_hourly,"Hourly virtual day-ahead incremental and decremental bids aggregated by pricing point, hour, and type of bid, released with a 4-month delay. Virtual incremental (INCs) bids are offered to sell into the day-ahead, while decremental (DECs) bids are virtual offers to buy day-ahead power. These transactions are settled in the real-time market. ",按定价点、小时和报价类型聚合的日前小时级虚拟增量和减量报价，延迟4个月发布。虚拟增量报价（INCs）旨在向日前市场出售电力，而虚拟减量报价（DECs）则是在日前市场购买电力的虚拟报价。这些交易在实时市场中进行结算。,done,
408,pjm_instantaneous_dispatch_rates,"This dataset contains instantaneous dispatch rates, in $/MWh, across all PJM zones based on a combination of manual and electronic dispatch signals updated every 15 seconds. In the event of an outage, PJM typically does not backfill this data. ",该数据集包含基于手动和电子调度信号组合的、每15秒更新一次的PJM（宾夕法尼亚-新泽西-马里兰联合电力系统）所有区域的瞬时调度率，单位为美元/兆瓦时。在发生中断时，PJM通常不会补填此数据。,done,
409,pjm_interface_flows_and_limits_day_ahead,"This dataset contains hourly day ahead flows and flow limits for PJM’s internal interfaces. 

Published daily between 12:00pm and 03:15 p.m.","该数据集包含PJM（宾夕法尼亚-新泽西-马里兰联合电力系统）内部接口的小时级日前潮流和潮流限值。

每日中午12:00至下午3:15之间发布。",done,
410,pjm_lmp_dart_5_min,DART spread in PJM between day-ahead hourly LMPs and real-time 5-minute LMPs. Hourly day-ahead values are brought to a 5-minute interval across the hour for the purposes of this dataset.,PJM（宾夕法尼亚-新泽西-马里兰联合电力系统）中日前小时级LMP（节点边际电价）与实时5分钟LMP之间的DART（日前与实时价差）价差。在本数据集中，小时日前电价数值在该小时内被转换为5分钟间隔数据。,done,
411,pjm_lmp_dart_hourly,DART spread in PJM between day-ahead hourly LMPs and real-time hourly LMPs. Both day-ahead and real-time values are at hourly intervals.,PJM（宾夕法尼亚-新泽西-马里兰联合电力系统）中日前小时级LMP（节点边际电价）与实时小时级LMP之间的DART（日前与实时价差）价差。日前和实时值均为小时间隔。,done,
412,pjm_lmp_dart_settlements_verified_5_min,DART spread in PJM between day-ahead hourly LMPs and real-time 5-minute settlements verified LMPs. Hourly day-ahead values are brought to a 5-minute interval across the hour for the purposes of this dataset.,PJM（宾夕法尼亚-新泽西-马里兰联合电力系统）中日前小时级LMP（节点边际电价）与实时5分钟结算验证LMP之间的DART（日前与实时价差）价差。在本数据集中，小时日前电价数值在该小时内被转换为5分钟间隔数据。,done,
413,pjm_lmp_dart_unverified_hourly,DART spread in PJM between day-ahead hourly LMPs and real-time hourly unverified LMPs. Both day-ahead and real-time values are at hourly intervals.,PJM（宾夕法尼亚-新泽西-马里兰联合电力系统）中日前小时级LMP（节点边际电价）与实时小时级未验证LMP之间的DART（日前与实时价差）价差。日前和实时值均为小时间隔。,done,
414,pjm_lmp_day_ahead_hourly,"Day Ahead Hourly LMPs and component costs as reported by PJM.

The location types present are:

- *GEN*
- *ZONE*
- *RESIDUAL_METERED_EDC*
- *HUB*
- *AGGREGATE*
- *INTERFACE*
- *EHV*
- *EXT*
- *LOAD*","PJM（宾夕法尼亚-新泽西-马里兰联合电力系统）报告的日前小时级节点边际电价（LMP）及分量成本。

存在的位置类型包括：

- GEN（发电节点）
- ZONE（区域）
- RESIDUAL_METERED_EDC（剩余计量配电公司）
- HUB（枢纽）
- AGGREGATE（聚合点）
- INTERFACE（接口）
- EHV（超高压节点）
- EXT（外部节点）
- LOAD（负荷节点）",done,
415,pjm_lmp_it_sced_5_min,"This PJM dataset contains 5-minute real-time IT SCED prices. These prices cover individual ties between areas bordering PJM as well as aggregate prices for ties between PJM and MISO and all PJM ties. 

Locations in this dataset include:

* LINDENVFT
* HUDSONTP
* NEPTUNE
* NYIS
* MISO

IT SCED is the Intermediate-Term Security Constrained Economic Dispatch engine. IT SCED solves 30 minutes prior to the target interval and looks ahead 15, 30, 75, and 120 minutes beyond the target. In terms of PJM real-time market application timing, IT SCED follows the Ancillary Servicers Optimizer (ASO), but is before the Real-Time Security Constrained Economic Dispatch (RT SCED).

⚠️ PJM typically does not backfill this data series in the event of data drops.","此PJM（宾夕法尼亚-新泽西-马里兰联合电力系统）数据集包含5分钟实时IT SCED（中期安全约束经济调度）价格。这些价格覆盖PJM周边区域间的单个联络线以及PJM与MISO之间联络线的聚合价格和PJM所有联络线的总计价格。

此数据集中的位置包括：

* LINDENVFT
* HUDSONTP
* NEPTUNE
* NYIS
* MISO

IT SCED是中期安全约束经济调度引擎。IT SCED在目标时间间隔前30分钟进行求解，并前瞻目标时间后15、30、75和120分钟。就PJM实时市场应用的时序而言，IT SCED紧随辅助服务优化器（ASO）之后，但在实时安全约束经济调度（RT SCED）之前运行。

⚠️ 在数据丢失的情况下，PJM通常不会补填此数据系列。",done,
416,pjm_lmp_real_time_5_min,"Real-time LMP in 5 minute intervals as reported by PJM. Also includes load-weighted average transmission zone and residual aggregate prices, which are estimates by PJM. 

The location types present are:

- *ZONE*
- *HUB*
- *AGGREGATE*
- *INTERFACE*
- *EHV*
- *BUS*","PJM（宾夕法尼亚-新泽西-马里兰联合电力系统）报告的5分钟间隔实时节点边际电价（LMP）。还包括按负荷加权的输电区域平均价格和剩余聚合价格，这些是PJM的估计值。

存在的位置类型包括：

- ZONE（区域）
- HUB（枢纽）
- AGGREGATE（聚合点）
- INTERFACE（接口）
- EHV（超高压节点）
- BUS（母线）",done,
417,pjm_lmp_real_time_hourly,"Hourly, real-time, LMP data for all buses and aggregates in PJM. Also includes load-weighted average transmission zone and residual aggregate prices, which are estimates by PJM. This dataset is published daily with a day of lag time. 

Pricing node types include:

* *AGGREGATE*
* *EHV*
* *EXT*
* *GEN*
* *HUB*
* *INTERFACE*
* *LOAD*
* *RESIDUAL_METERED_EDC*
* *ZONE*  ","PJM（宾夕法尼亚-新泽西-马里兰联合电力系统）中所有母线和聚合点的小时级实时节点边际电价（LMP）数据。还包括按负荷加权的输电区域平均价格和剩余聚合价格，这些是PJM的估计值。此数据集每日发布，延迟一天。

定价节点类型包括：

* AGGREGATE（聚合点）
* EHV（超高压节点）
* EXT（外部节点）
* GEN（发电节点）
* HUB（枢纽）
* INTERFACE（接口）
* LOAD（负荷节点）
* RESIDUAL_METERED_EDC（剩余计量配电公司）
* ZONE（区域）",done,
418,pjm_lmp_real_time_unverified_hourly,Real-Time unverified locational marginal pricing (LMP) data for all bus locations.,所有母线位置的实时未验证节点边际电价（LMP）数据。,done,
419,pjm_load,"Real time PJM load across each zone, region, and RTO total in 5 minute intervals.",PJM（宾夕法尼亚-新泽西-马里兰联合电力系统）各区域、地区以及RTO（区域输电组织）总计的实时负荷，数据间隔为5分钟。,done,
420,pjm_load_forecast,"PJM hourly load forecast for the next seven days resampled to 5 minute intervals.

- Only includes data from the most recent published vintage for each interval
- Only includes data for the combined RTO (not individual forecast areas)","PJM（宾夕法尼亚-新泽西-马里兰联合电力系统）未来七天的小时级负荷预测，重采样至5分钟间隔。

- 仅包含每个时间间隔最近一期发布的数据。
- 仅包含RTO（区域输电组织）整体的数据（不包含单个预测区域）。",done,
421,pjm_load_forecast_5_min,Five-minute load forecast data showing forecast amounts every five minutes for a two hour window by area. This forecast is updated every five minutes. The data is presented for 25 areas to maintain consistency with the seven day load forecasts ,五分钟负荷预测数据，按区域显示未来两小时窗口内每五分钟的预测值。此预测每五分钟更新一次。数据按25个区域呈现，以与七天负荷预测保持一致。,done,
422,pjm_load_forecast_hourly,"PJM hourly load forecast for the next seven days by region and zone.

- Includes all published vintages.
- Published every half hour on the quarter E.g. 1:15 and 1:45
- Includes data for all forecast areas.
- Data available at https://dataminer2.pjm.com/feed/load_frcstd_7_day/definition.
- For more history use `load_forecast_hourly_historical` (note the historical dataset does not contain all the forecast areas as the current dataset does)","PJM（宾夕法尼亚-新泽西-马里兰联合电力系统）按地区和区域划分的未来七天小时级负荷预测。

- 包含所有已发布的版本。
- 每半小时在整点过15分和45分发布（例如1:15和1:45）。
- 包含所有预测区域的数据。
- 数据可在 https://dataminer2.pjm.com/feed/load_frcstd_7_day/definition 获取。
- 如需更多历史数据，请使用 load_forecast_hourly_historical（请注意，历史数据集不包含与当前数据集一样多的预测区域）。",done,
423,pjm_load_forecast_hourly_historical,"This feed provides forecasted load, grouped by the date and time the forecast
was created. Forecasts are provided every six hours starting one day prior to the
Effective Date.

- Includes all published vintages
- Includes data for all forecast areas
- For additional forecast areas and publish times for recent dates, use
    `load_forecast_hourly`
- Data available at https://dataminer2.pjm.com/feed/load_frcstd_hist/definition","此数据源提供按预测创建日期和时间分组的预测负荷。预测从生效日期前一天开始，每六小时提供一次。

- 包含所有已发布的版本。
- 包含所有预测区域的数据。
- 如需近期日期的更多预测区域和发布时间，请使用 load_forecast_hourly。
- 数据可在 https://dataminer2.pjm.com/feed/load_frcstd_hist/definition 获取。",done,
424,pjm_load_metered_hourly,"The MWh net energy consumption by each service territory within PJM. Data is further broken up into NERC region, zone, and load areas.",PJM（宾夕法尼亚-新泽西-马里兰联合电力系统）内每个服务区域的总净电能消耗（兆瓦时）。数据进一步按NERC区域、区域和负荷区进行细分。,done,
425,pjm_marginal_emission_rates_5_min,"PJM estimates marginal emissions every five minutes for load zones across the grid. These estimates include CO₂, SO₂, and NOₓ, expressed in lbs/MWh. The calculation reflects the physical costs of power flows, capturing the impact of congestion on nodal emissions. When imports are marginal at a node, PJM assigns them zero emissions because the fuel source is unknown. PJM notes several caveats in its data catalog due to the complexity and variability of the underlying data. These emissions estimates, along with PJM’s own disclaimers, are discussed in more detail in this blog post: https://blog.gridstatus.io/apple-grid-forecast/",PJM（宾夕法尼亚-新泽西-马里兰联合电力系统）每五分钟估算一次全电网负荷区的边际排放率。这些估算包括CO₂、SO₂和NOₓ，单位为磅/兆瓦时（lbs/MWh）。该计算反映了功率流的物理成本，捕捉了阻塞对节点排放的影响。当节点上边际出力来自外部进口时，PJM将其排放率归为零，因为燃料来源未知。PJM在其数据目录中指出了若干注意事项，原因是基础数据具有复杂性和可变性。关于这些排放估算以及PJM自身的免责声明，详见此博客文章：https://blog.gridstatus.io/apple-grid-forecast/,done,
426,pjm_marginal_value_day_ahead_hourly,"Day-ahead binding constraint data for PJM. This includes the contingency and the shadow price, or marginal value of 1 MW of relaxation.",PJM（宾夕法尼亚-新泽西-马里兰联合电力系统）的日前约束数据。包括故障事件及其影子价格，即放松1兆瓦约束的边际价值。,done,
427,pjm_marginal_value_real_time_5_min,"Real-time binding constraint data for PJM. This includes the contingency and the shadow price, or marginal value of 1 MW of relaxation.

This dataset is the 5-minute feed which began on April 1st, 2018.","PJM（宾夕法尼亚-新泽西-马里兰联合电力系统）的实时绑定约束数据。这包括事故和影子价格，即放松1兆瓦约束的边际价值。

此数据集是自2018年4月1日开始提供的5分钟数据源。",done,
428,pjm_net_exports_by_state_hourly,"This dataset contains the hourly difference between generation and load in each of PJM’s 13 states as well as Washington, DC. Negative values indicate net flows into the state whereas positive indicate exports. This dataset does not account for actual power flows. ",该数据集包含PJM（宾夕法尼亚-新泽西-马里兰联合电力系统）覆盖的13个州以及华盛顿特区每小时发电量与负荷之间的差值。负值表示净电力流入该州，正值表示净出口。此数据集不涉及实际电力潮流。,done,
429,pjm_operational_reserves,"This dataset contains operating reserve values in MWs in PJM for the entire
RTO and Mid-Atlantic/Dominion region and is updated every 15 seconds.

Values are included for the Primary Reserve Requirement, Total, and
Requirement from Markets; the Synchronized Reserve Requirement, Total,
and Requirement from Markets; and the 30-Minute Total and Requirement
from Markets.

⚠️ PJM does not typically backfill this data series in the event of data drops.","该数据集包含PJM（宾夕法尼亚-新泽西-马里兰联合电力系统）整个RTO（区域输电组织）以及中大西洋/道明尼地区的运行备用数值（单位为兆瓦），每15秒更新一次。

数据包括：一次备用需求、总量及来自市场的需求；同步备用需求、总量及来自市场的需求；以及三十分钟备用总量及来自市场的需求。

⚠️ 在数据丢失的情况下，PJM通常不会补填此数据系列。",done,
430,pjm_outages_90_day_forecast,"Forecast total MWs of generation on outage in PJM, including the West region, out 90 days. Unlike the dataset [here](https://staging.preview.gridstatus.io/datasets/pjm_outages_daily), this forecast from PJM does not separate out the type of outages and lacks additional location classifications.",PJM（宾夕法尼亚-新泽西-马里兰联合电力系统）未来90天内（包括西部地区）停运发电容量的预测总兆瓦值。与 此处 的数据集不同，此PJM预测数据没有区分停运类型，也缺少其他位置分类。,done,
431,pjm_outages_daily,"PJM generation outage data

Actual and forecasted megawatts of generation outages divided by region (RTO Wide, Mid-A/Dominion, and Western) and type of outage(Planned, Maintenance, and Forced). Bal-Day data is typically updated around 6AM ET and is forecasted out 6 days. ","PJM（宾夕法尼亚-新泽西-马里兰联合电力系统）发电停运数据

按区域（RTO全域、中大西洋/道明尼和西部）和停运类型（计划、维护和强制）划分的实际和预测发电停运兆瓦数。当日（Bal-Day）数据通常在美国东部时间早上6点左右更新，并预测未来6天的情况。",done,
432,pjm_pai_intervals_5_min,"This dataset summarizes the status of Performance Assessment Intervals (PAIs) in PJM. A PAI is a specific time interval during which emergency conditions on the PJM system require operators to call on resources that participate in the capacity market. Resources are evaluated on their performance during these intervals and may receive penalties or bonuses based on how they perform. PAIs are relatively rare, but when one is issued, PJM identifies whether it applies to a specific subzone or the entire RTO.",该数据集汇总了PJM（宾夕法尼亚-新泽西-马里兰联合电力系统）中性能评估间隔（PAIs）的状态。PAI是指PJM系统出现紧急状况，需要运营商调用参与容量市场的资源的特定时间间隔。PJM根据资源在这些间隔期间的表现进行评估，并可能根据其表现给予惩罚或奖励。PAIs相对罕见，但一旦发布，PJM会指明其适用于特定子区域还是整个RTO（区域输电组织）。,done,
433,pjm_pricing_nodes,"This dataset contains all pricing nodes modeled across PJM. PJM calculates locational marginal prices for each of these points, representing generation, load, and aggregations like hubs and zones. Additionally, this dataset includes information such as voltage level, transmission zone, subtypes, and when the node was created.",该数据集包含PJM（宾夕法尼亚-新泽西-马里兰联合电力系统）中建模的所有定价节点。PJM为这些节点计算节点边际电价（LMP），这些节点代表发电节点、负荷节点以及枢纽和区域等聚合点。此外，该数据集还包括电压等级、输电区域、子类型以及节点创建时间等信息。,done,
434,pjm_projected_area_statistics_at_peak,"Projected Area Statistics at Peak

This data is prepared each morning and contains information for the projected peak of the day for zones within the PJM footprint, including peak load, internal scheduled capacity, and unscheduled steam capacity. Data is refreshed on top of the hour from 5 a.m. to 8 a.m.","峰值时预测区域统计数据

此数据每天上午编制，包含PJM（宾夕法尼亚-新泽西-马里兰联合电力系统）覆盖范围内各区域在当日预测峰值时的信息，包括峰值负荷、内部计划容量和非计划蒸汽容量。数据从凌晨5点到上午8点在整点时刻刷新。",done,
435,pjm_projected_peak_tie_flow,"This dataset contains scheduled tie flows at each of PJM’s interfaces during the peak hour, updated each morning. ",该数据集包含PJM（宾夕法尼亚-新泽西-马里兰联合电力系统）每个接口在峰值小时期间的计划联络线潮流，每天上午更新。,done,
436,pjm_projected_rto_statistics_at_peak,"This data is prepared each morning and contains information for the projected peak of the day for the entire PJM footprint. PJM publishes scheduled tie flows, total scheduled capacity, peak load forecast, operational reserves, and unscheduled steam capacity. Data is refreshed on top of the hour from 5 a.m. to 8 a.m.",此数据每天上午编制，包含PJM（宾夕法尼亚-新泽西-马里兰联合电力系统）整个覆盖区域当日预测峰值时的信息。PJM发布的指标包括计划联络线潮流、总计划容量、峰值负荷预测、运行备用和非计划蒸汽容量。数据从凌晨5点到上午8点在整点时刻刷新。,done,
437,pjm_records,"Top 10 daily records in PJM. Records including minimum and maximum net load levels, record levels of RTO wide wind and solar generation, and the renewables to load ratio.",PJM（宾夕法尼亚-新泽西-马里兰联合电力系统）内的每日前十名记录。记录包括净负荷的最低和最高水平、RTO（区域输电组织）整体风电和太阳能发电的记录水平，以及可再生能源与负荷的比率。,done,
438,pjm_records_timeseries,Timeline of new records in PJM covering renewables and net load since 2016.,PJM（宾夕法尼亚-新泽西-马里兰联合电力系统）内自2016年以来涵盖可再生能源和净负荷的新记录时间线。,done,
439,pjm_regulation_market_monthly,"Hourly regulation capacity requirements in PJM. Mileage ratios and performance data are also included. 

This data is posted monthly on the first Friday of the month, but due to its reliance on settlement data may be delayed based on delays in the settlement process.","PJM（宾夕法尼亚-新泽西-马里兰联合电力系统）中的小时级调频容量要求。数据中还包含里程比和性能数据。

此数据每月在第一个星期五发布，但由于其依赖于结算数据，可能会因结算过程的延迟而推迟发布。",done,
440,pjm_regulation_prices_5_min,"The dataset contains preliminary five minute quantity, requirement, and prices PJM RTO wide. Regulation resources are compensated for adjusting their consumption or generation in response to grid frequency needs.",该数据集包含PJM（宾夕法尼亚-新泽西-马里兰联合电力系统）RTO（区域输电组织）范围内的初步五分钟调频数量、要求和价格。调频资源因响应电网频率需求而调整其消耗或发电量获得补偿。,done,
441,pjm_reserve_subzone_buses,"Reserve mappings (not geographic) for PJM reserves as well as resource id, type, and zone. ",PJM（宾夕法尼亚-新泽西-马里兰联合电力系统）备用的映射关系（非地理映射），以及资源ID、类型和区域信息。,done,
442,pjm_reserve_subzone_resources,"Reserve subzone mapping (not geographic location) for PJM reserves. This dataset also contains node id, name, and the type of resource. ",PJM（宾夕法尼亚-新泽西-马里兰联合电力系统）备用的备用子区域映射（非地理位置）。该数据集还包含节点ID、名称和资源类型。,done,
443,pjm_scheduled_interchange_real_time,Hourly scheduled net real time tie flows between PJM and nearby balancing authorities. This data its released daily for the prior day. Positive values indicate imports and negative values represent exports. ,PJM（宾夕法尼亚-新泽西-马里兰联合电力系统）与相邻平衡区域之间的小时级计划净实时联络线潮流。此数据每天发布，针对前一日。正值表示进口，负值表示出口。,done,
444,pjm_settlements_verified_lmp_5_min,"Verified, real-time, five-minute LMPs, including component costs, for the aggregate and zonal pnodes used for settlement in PJM.

Residual aggregate and loadweighted transmission zone prices are PJM estimates.","PJM（宾夕法尼亚-新泽西-马里兰联合电力系统）中用于结算的聚合点物理节点和区域物理节点的已验证实时五分钟节点边际电价（LMP），包含分量成本。

剩余聚合价格和按负荷加权的输电区域价格为PJM的估计值。",done,
445,pjm_settlements_verified_lmp_hourly,"Verified, hourly, LMPs for both day-ahead and real-time including component costs, for the aggregate and zonal pnodes used for settlement in PJM.

The location types present are:

- *ZONE*
- *RESIDUAL_METERED_EDC*
- *HUB*
- *AGGREGATE*
- *INTERFACE*
- *EHV*","PJM（宾夕法尼亚-新泽西-马里兰联合电力系统）中用于结算的聚合点物理节点和区域物理节点的已验证小时级节点边际电价（LMP），包含日前和实时数据，且包含分量成本。

存在的位置类型包括：

- ZONE（区域）
- RESIDUAL_METERED_EDC（剩余计量配电公司）
- HUB（枢纽）
- AGGREGATE（聚合点）
- INTERFACE（接口）
- EHV（超高压节点）",done,
446,pjm_solar_forecast_5_min,"Five-minute solar power forecast within PJM.

The five-minute power forecast within PJM area for metered utility scale solar power and behind-the-meter solar power such as residential solar panels. Behind The Meter (BTM) solar power is aggregated and handled through Load Serving Entities (LSE), not directly through PJM. Updated every 10 minutes, forecasting the next 6 hours. It is available for the previous 30 days.","PJM（宾夕法尼亚-新泽西-马里兰联合电力系统）内的五分钟太阳能发电预测。

该预测针对PJM区域内计量表后的公用事业规模太阳能发电以及表后太阳能发电（如住宅太阳能电池板）。表后太阳能发电通过负荷服务实体（LSE）进行聚合处理，而非直接通过PJM。该预测每10分钟更新一次，预测未来6小时的情况，并提供过去30天的数据。",done,
447,pjm_solar_forecast_hourly,"Hourly solar power forecast within PJM

The hourly power forecast within PJM area for metered- utility scale solar power
and behind the meter solar power such as residential solar panels. Behind The Meter
(BTM) solar power is aggregated and handled through Load Serving Entities (LSE),
not directly through PJM. The forecast is updated every hour and is available for
the next 48 hours.
","PJM（宾夕法尼亚-新泽西-马里兰联合电力系统）内的小时级太阳能发电预测。

该预测针对PJM区域内计量表后的公用事业规模太阳能发电以及表后太阳能发电（如住宅太阳能电池板）。表后太阳能发电通过负荷服务实体（LSE）进行聚合处理，而非直接通过PJM。该预测每小时更新一次，并提供未来48小时的预测数据。",done,
448,pjm_solar_generation_5_min,"Five-minute real-time solar generation for the PJM RTO area.

⚠️ PJM does not backfill this data series in the event of data drops.","PJM（宾夕法尼亚-新泽西-马里兰联合电力系统）RTO（区域输电组织）区域的五分钟实时太阳能发电数据。

⚠️ 在数据丢失的情况下，PJM不会补填此数据系列。",done,
449,pjm_solar_generation_by_area,"Solar generation by Area in PJM on an hourly basis. Areas include *MIDATL*, *Other*, *RFC*, *RTO*, *South*, and *West*. The *Other* region contains external units as well as units for which the region/area is unknown.

Final data for this dataset is delayed by up to 4 months. Prior to updating with final data, PJM may provide both 0 and negative values.","PJM（宾夕法尼亚-新泽西-马里兰联合电力系统）内按区域划分的小时级太阳能发电量。区域包括 MIDATL、Other、RFC、RTO、South 和 West。Other 区域包含外部机组以及区域/地区未知的机组。

此数据集的最终数据延迟最多4个月。在更新为最终数据之前，PJM可能会提供0值和负值。",done,
450,pjm_standardized_5_min,"This table is a curated set of five-minute data for PJM. All standardized datasets are intended to speed up analysis and feature engineering work by providing commonly used data series in one denormalized table.

Metrics include:

- Load Forecasts (Regional, Zonal, and RTO-Wide)
- Renewable Generation
- Load Ratios (Net load levels, Renewable to load ratios)
- Wind and Solar Output
- Generation by fuel type (Coal, Gas, Hydro, Multiple Fuels, Nuclear, Oil, Solar, Storage, Wind, Other, and Other Renewable)

The standardized datasets are a convenience for API users who only want to query one dataset for each ISO. If you plan on loading in every dataset or want to work with more multiple series alone and together it is recommended to pull the individual datasets to have full visibility into each one.

⚠️ Not all data series are present for the entire length of the dataset. This can occur due to a lack of historical data or the publication of new core datasets by an ISO.","此表格是PJM（宾夕法尼亚-新泽西-马里兰联合电力系统）经过精选的五分钟数据集合。所有标准化数据集旨在通过在一个非规范化表中提供常用的数据系列，来加速分析和特征工程工作。

指标包括：

- 负荷预测（区域级、区域级和RTO全域）
- 可再生能源发电量
- 负荷比率（净负荷水平、可再生能源与负荷比率）
- 风电和太阳能出力
- 按燃料类型划分的发电量（煤、天然气、水力、多燃料、核能、石油、太阳能、储能、风能、其他和其他可再生能源）

标准化数据集是为API用户提供的便利，方便他们只需查询每个ISO的一个数据集即可。如果您计划加载所有数据集，或希望单独或组合使用多个数据系列，建议拉取各个独立的数据集，以便完全了解每个数据集的详情。

⚠️ 并非所有数据系列在整个数据集的时间范围内都存在。这可能是由于历史数据缺失或ISO发布了新的核心数据集所致。",done,
451,pjm_standardized_hourly,"This table is a curated set of hourly data for PJM. All standardized datasets are intended to speed up analysis and feature engineering work by providing commonly used data series in one denormalized table. Data in this feed is resampled to an hourly frequency from five minutes.

Metrics include:

- Load Forecasts (Regional, Zonal, and RTO-Wide)
- Renewable Generation
- Load Ratios (Net load levels, Renewable to load ratios)
- Wind and Solar Output
- Generation by fuel type (Coal, Gas, Hydro, Multiple Fuels, Nuclear, Oil, Solar, Storage, Wind, Other, and Other Renewable)

The standardized datasets are a convenience for API users who only want to query one dataset for each ISO. If you plan on loading in every dataset or want to work with more multiple series alone and together it is recommended to pull the individual datasets to have full visibility into each one.

⚠️ Not all data series are present for the entire length of the dataset. This can occur due to a lack of historical data or the publication of new core datasets by an ISO.","此表格是PJM（宾夕法尼亚-新泽西-马里兰联合电力系统）经过精选的小时级数据集合。所有标准化数据集旨在通过在一个非规范化表中提供常用的数据系列，来加速分析和特征工程工作。此数据源中的数据是从五分钟频率重采样为小时频率。

指标包括：

- 负荷预测（区域级、区域级和RTO全域）
- 可再生能源发电量
- 负荷比率（净负荷水平、可再生能源与负荷比率）
- 风电和太阳能出力
- 按燃料类型划分的发电量（煤、天然气、水力、多燃料、核能、石油、太阳能、储能、风能、其他和其他可再生能源）

标准化数据集是为API用户提供的便利，方便他们只需查询每个ISO的一个数据集即可。如果您计划加载所有数据集，或希望单独或组合使用多个数据系列，建议拉取各个独立的数据集，以便完全了解每个数据集的详情。

⚠️ 并非所有数据系列在整个数据集的时间范围内都存在。这可能是由于历史数据缺失或ISO发布了新的核心数据集所致。",done,
452,pjm_sync_reserve_events,"This dataset contains the history of declared synchronized reserve events in PJM, including the time, location, and percentage of reserves deployed.",该数据集包含PJM（宾夕法尼亚-新泽西-马里兰联合电力系统）中已宣布的同步备用事件的历史记录，包括时间、地点和已部署备用的百分比。,done,
453,pjm_tie_flows_5_min,"Tie flows (power flows) between PJM and neighboring control areas. Positive values are for net megawatt (MW) flows into PJM, while negative values are for net MW flows out of PJM. Hourly averages, with more historical data, can be found using the PJM Actual And Scheduled Interchange Summary datset.

For additional history at an hourly granularity, see [PJM Actual And Scheduled Interchange Summary](https://www.gridstatus.io/datasets/pjm_actual_and_scheduled_interchange_summary).
","PJM（宾夕法尼亚-新泽西-马里兰联合电力系统）与相邻控制区之间的联络线潮流（功率潮流）。正值表示净兆瓦（MW）功率流入PJM，负值表示净兆瓦功率流出PJM。小时平均值及更多历史数据可通过PJM实际与计划交换汇总数据集获取。

如需更详细的小时粒度历史数据，请参阅PJM实际与计划交换汇总。",done,
454,pjm_transfer_interface_information_5_min,"Actual MW flow and transfer limits for PJM’s Transfer Interfaces. This data
is reported on a five-minute basis. These interfaces are internal to PJM.
Each interface is comprised of a set of transmission lines defined in
*PJM Manual 03: Transmission Operations*.

⚠️ PJM does not typically backfill this data series in the event of data drops.","PJM（宾夕法尼亚-新泽西-马里兰联合电力系统）传输接口的实际兆瓦功率和传输限值。该数据按五分钟间隔报告。这些接口位于PJM内部。每个接口由一组在PJM手册03：输电运行中定义的输电线路组成。

⚠️ 如果发生数据丢失，PJM通常不会回填该数据系列。",done,
455,pjm_transfer_limits_and_flows,"Hourly average of transfer limits and flows across PJM’s internal interfaces. PJM releases this data on a monthly basis. For more real time data, use the PJM Transfer Interface Information 5 Min dataset. ",PJM（宾夕法尼亚-新泽西-马里兰联合电力系统）内部接口传输限值和潮流的每小时平均值。PJM每月发布一次此数据。如需更实时的数据，请使用PJM传输接口信息5分钟数据集。,done,
456,pjm_transmission_constraints_day_ahead_hourly,"Day-ahead transmission constraint data in PJM with congestion event start and end times as well as the number of 5 minute prints within the hour. 

This dataset does not contain shadow prices.","PJM（宾夕法尼亚-新泽西-马里兰联合电力系统）的日前输电约束数据，包含阻塞事件的开始和结束时间，以及该小时内五分钟出清结果的次数。

此数据集不包含影子价格。",done,
457,pjm_transmission_limits,"This dataset contains transmission limits as well as the shadow price in PJM for every actively binding constraint within a five-minute interval.

Included in the data is the type of constraint violation (thermal, actual, and reactive interface) as well as the contingency that is being violated. If there are no active constraints within a given interval no data will be available for that interval.

⚠️ PJM does not typically backfill this data series in the event of data drops.
","该数据集包含PJM（宾夕法尼亚-新泽西-马里兰联合电力系统）中每个五分钟间隔内所有活跃绑定约束的传输限值以及影子价格。

数据中包含约束违例的类型（热稳、实际和无功接口）以及被违反的事故。如果在给定间隔内没有活跃约束，则该间隔将无数据可用。

⚠️ 在数据丢失的情况下，PJM通常不会补填此数据系列。",done,
458,pjm_voltage_limits,"This dataset contains daily flow limits across transmission lines that provides PJM default voltage values and voltage stability limits by voltage class. Transmission owners can elect to deviate from PJM, designated by a “no” value in the “follow_pjm” column. Additional, voltage limits, including high, low, and normal kV ratings are included. ",该数据集包含PJM（宾夕法尼亚-新泽西-马里兰联合电力系统）输电线路的每日潮流限值，按电压等级提供PJM默认电压值和电压稳定限值。输电业主可以选择偏离PJM的设定值，这由“follow_pjm”列中的“no”值表示。此外，数据还包含电压限值，包括高、低和正常额定电压（千伏）。,done,
459,pjm_weight_average_aggregation_definitions,"This dataset contains all of PJM’s aggregations used in settlements. These aggregations often contain multiple nodes, so PJM calculates a bus level PNode factor, indicating how much a specific node contributes to the aggregation. This can be helpful to understand how outcomes at different nodes may impact hub level prices.",该数据集包含PJM（宾夕法尼亚-新泽西-马里兰联合电力系统）在结算中使用的所有聚合定义。这些聚合点通常包含多个节点，因此PJM会计算母线级物理节点因子，以指示特定节点对该聚合的贡献程度。这有助于理解不同节点的结果如何影响枢纽级价格。,done,
460,pjm_wind_forecast_5_min,"Five-minute wind power forecast within PJM. 

Updated every 10 minutes, forecasting the next 6 hours. It is available for the previous 30 days.","PJM（宾夕法尼亚-新泽西-马里兰联合电力系统）内部的风电功率预测，时间分辨率为五分钟。

每10分钟更新一次，预测未来6小时的数据。可获取过去30天的历史预测数据。",done,
461,pjm_wind_forecast_hourly,"The hourly Wind Forecast within PJM area.

The forecast is updated every 10 minutes and is available for the next 48 hours.","PJM（宾夕法尼亚-新泽西-马里兰联合电力系统）区域内的小时级风电预测。

该预测每10分钟更新一次，并提供未来48小时的预测数据。",done,
462,pjm_wind_generation_by_area,"Wind generation by Area in PJM on an hourly basis. Areas include *MIDATL*,
*Other*, *RFC*, *RTO*, *South*, and *West*. The *Other* region contains
external units as well as units for which the region/area is unknown.

⚠️ Not all Areas are present across the historical data. Null values
represent records in which an Area did not exist.","PJM（宾夕法尼亚-新泽西-马里兰联合电力系统）内按区域划分的小时级风电发电量。区域包括 MIDATL、Other、RFC、RTO、South 和 West。Other 区域包含外部机组以及区域/地区未知的机组。

⚠️ 并非所有区域都存在于整个历史数据中。空值表示在该记录中该区域尚不存在。",done,
463,pjm_wind_generation_instantaneous,"Instantaneous real-time wind generation sampled every 15 seconds for the PJM RTO
area.

⚠️ PJM does not backfill this data series in the event of data drops.
","PJM（宾夕法尼亚-新泽西-马里兰联合电力系统）RTO（区域输电组织）区域的瞬时实时风电发电数据，每15秒采样一次。

⚠️ 在数据丢失的情况下，PJM不会补填此数据系列。",done,
464,spp_as_prices,"Day-ahead, hourly Marginal Clearing Prices (MCPs) by Reserve Zone for ancillary services in SPP. Data is updated once a day after the DA Market results are posted.

Includes regulation, ramp, spinning and supplemental reserves, and uncertainty up products.","SPP（西南电力库）中按备用区域划分的日前小时级辅助服务边际出清价格（MCPs）。数据在日前市场结果发布后每日更新一次。

包含调频、爬坡、旋转备用、补充备用以及不确定性上调产品。",done,
465,spp_as_prices_real_time_5_min,"Real-time, five-minute Marginal Clearing Prices (MCPs) by Reserve Zone for ancillary services in SPP. 

Includes regulation, ramp, spinning, and supplemental reserves, and uncertainty up products.","SPP（西南电力库）中按备用区域划分的实时五分钟辅助服务边际出清价格（MCPs）。

包含调频、爬坡、旋转备用、补充备用以及不确定性上调产品。",done,
466,spp_binding_constraints_day_ahead_hourly,Day-ahead binding constraint information in SPP. ,SPP（西南电力库）中的日前绑定约束信息。,done,
467,spp_binding_constraints_real_time_5_min,Real-time binding constraint information in SPP. ,SPP（西南电力库）中的实时绑定约束信息。,done,
468,spp_fuel_mix,"Fuel Mix in 5-minute intervals as reported by SPP.

As of April 1st, 2026, this data includes output from generators in SPP West (SWPW) as RTO's expansion into the Western Interconnection went live.

For fuel mix by individual SPP BAA, see [SPP Fuel Mix by BAA](https://www.gridstatus.io/datasets/spp_fuel_mix_by_baa).","SPP（西南电力池）发布的燃料构成数据，时间间隔为5分钟。

自2026年4月1日起，随着RTO（区域输电组织）扩展至西部互联电网投入运行，该数据纳入了SPP West（SWPW）区域内发电机组的出力。

如需按单个SPP BAA（平衡权责区）查看燃料构成，请参阅SPP各BAA燃料构成。",done,
469,spp_fuel_mix_by_baa,"Fuel mix for SPP, with a BAA column to view SPP East and SPP West fuel mix values independently. 

Data begins on March 30th, 2026 for SPP, April 1st, 2026 for SWPW.

Combined all-SPP fuel mix data with further historical data is available from the `spp_fuel_mix` [dataset](https://www.gridstatus.io/datasets/spp_fuel_mix).","SPP（西南电力池）的燃料构成数据，包含BAA（平衡权责区）列，可分别查看SPP East（SPP东部）和SPP West（SPP西部）的燃料构成值。

SPP数据始于2026年3月30日，SWPW（SPP西部）数据始于2026年4月1日。

合并后的全SPP燃料构成数据及更多历史数据可参见 spp_fuel_mix 数据集。",done,
470,spp_fuel_mix_by_baa_detailed,"Fuel Mix with self-scheduled vs market breakdown in 5-minute intervals as reported by SPP. This data is by BAA, SPP East (SPP), and SPP West (SWPW). For SPP East, the data begins on March 30th, 2026, while SWPW begins on April 1st, 2026.

For SPP-wide and historical detailed fuel mix data, see the `spp_fuel_mix_detailed` [dataset](https://www.gridstatus.io/datasets/spp_fuel_mix_detailed).
","SPP（西南电力池）发布的燃料构成数据，包含自计划与市场化分解，时间间隔为5分钟。该数据按BAA（平衡权责区）划分，分为SPP East（SPP东部）和SPP West（SPP西部）。SPP East数据始于2026年3月30日，SPP West（SWPW）数据始于2026年4月1日。

如需全SPP范围及历史的详细燃料构成数据，请参阅 spp_fuel_mix_detailed 数据集。",done,
471,spp_fuel_mix_detailed,"Fuel Mix with self-scheduled vs market breakdown in 5-minute intervals as reported by SPP.

As of April 1st, 2026, this data includes SPP West (SWPW).","SPP（西南电力池）发布的燃料构成数据，包含自计划与市场化分解，时间间隔为5分钟。

自2026年4月1日起，该数据纳入了SPP West（SWPW，SPP西部）。",done,
472,spp_generation_capacity_on_outage,"Generation capacity on outage data by fuel type in hourly intervals for next 7 days. Published each morning around 8am CT.

Published daily around 8am CT.


Includes data from both SPP East (SPP) and SPP West (SWPW) via the `baa` column.","按燃料类型分列的停机发电容量数据，时间间隔为小时，覆盖未来7天。每日美国中部时间上午8点左右发布。

通过 baa 列包含来自SPP East（SPP东部）和SPP West（SWPW，SPP西部）的数据。",done,
473,spp_hourly_load,"⚠️ This dataset is deprecated in favor of [SPP Load Hourly](https://www.gridstatus.io/datasets/spp_load_hourly). That dataset has all the same info as this dataset, but in “long” rather than “wide” format. It also has additional areas and details on conforming vs non-conforming loads.

Hourly load data in SPP by Area.

Released daily around 5pm CT. for the previous day.

💡 The Areas in this dataset are the legacy balancing authorities for the region that SPP serves.","⚠️ 本数据集已弃用，请改用 SPP负荷小时数据。该数据集包含本数据集的所有信息，但采用“长格式”而非“宽格式”，同时还包含更多区域以及关于合规负荷与非合规负荷的详细信息。

SPP（西南电力池）内按区域划分的小时负荷数据。

每日美国中部时间下午5点左右发布前一日数据。

💡 本数据集中的区域是SPP所服务地区的传统平衡权责区。",done,
474,spp_interchange_real_time,"SPP interchange tie flow from neighboring RTOs and balancing authorities. Data is sampled every minute. Negative values indicate SPP importing and positive values indicate SPP exporting.

Locations include: 
* SPP_NSI: Southwest Power Pool Net Schedule Interchange
* SPP_NAI: Southwest Power Pool Net Actual Interchange
* AECI: Associated Electric Cooperative Inc
* AMRN: Ameren Transmission
* BLKW: Blackwater DC Tie
* CLEC: Central Louisiana Electric Company
* EDDY: Eddy DC Tie
* EES: Entergy Electric System
* ERCOTE: Welch/ERCOTEast DC Tie
* ERCOTN: Oklaunion/ERCOT North DC Tie
* LAMAR: Lamar DC Tie
* MEC: Mid-American Energy Company
* SCSE: Sydney DC Tie
* SOUC: Southern Company
* SPA: Southwestern Power Administration
* TVA: Tennessee Valley Authority
* RCEAST: Rapid City DC Tie
* SPC: Saskatchewan Power Co
* MCWEST: Miles City DC Tie
* SGE: Stegall
* ALTW: Alliant Energy
* DPC: Dairyland Power Cooperative
* GRE: Great River Energy
* MDU: Montana Dakota Utilities
* NSP: Northern States Power Company
* OTP: Otter Tail Power Company","SPP（西南电力池）与相邻RTO（区域输电组织）及平衡权责区之间的联络线交换潮流。数据每分钟采样一次。负值表示SPP净输入（进口），正值表示SPP净输出（出口）。

位置包括：
* SPP_NSI：西南电力池净计划交换
* SPP_NAI：西南电力池净实际交换
* AECI：联合电力合作公司
* AMRN：阿莫林输电公司
* BLKW：布莱克沃特直流联络线
* CLEC：路易斯安那中央电力公司
* EDDY：埃迪直流联络线
* EES：安特吉电力系统
* ERCOTE：韦尔奇/ERCOT东部直流联络线
* ERCOTN：奥克拉联合/ERCOT北部直流联络线
* LAMAR：拉马尔直流联络线
* MEC：中美能源公司
* SCSE：悉尼直流联络线
* SOUC：南方电力公司
* SPA：西南电力管理局
* TVA：田纳西河流域管理局
* RCEAST：拉皮德城直流联络线
* SPC：萨斯喀彻温电力公司
* MCWEST：迈尔斯城直流联络线
* SGE：斯特加尔
* ALTW：联合能源公司
* DPC：乳品地电力合作社
* GRE：大河能源公司
* MDU：蒙大拿达科他公用事业公司
* NSP：北方州电力公司
* OTP：奥特尔泰尔电力公司",done,
475,spp_lmp_dart_5_min,DART spread in SPP between day-ahead hourly LMPs and real-time 5-minute LMPs. Hourly day-ahead values are brought to a 5-minute interval across the hour for the purposes of this dataset.,SPP（西南电力池）中日前小时级LMP（节点边际电价）与实时5分钟LMP之间的DART（日前与实时价差）。为了生成该数据集，日前小时级数值被扩展为整小时内每个5分钟间隔的数值。,done,
476,spp_lmp_day_ahead_hourly,"Day Ahead Hourly LMPs as reported by SPP.

The location types present are:

- *Settlement Location*
- *Interface*
- *Hub*","SPP（西南电力池）发布的日前小时级LMP（节点边际电价）。

包含的位置类型有：

- 结算点
- 接口
- 枢纽",done,
477,spp_lmp_day_ahead_hourly_by_bus,"Day-ahead, hourly, LMPs in SPP by bus.",SPP（西南电力池）中按母线发布的日前小时级LMP（节点边际电价）。,done,
478,spp_lmp_real_time_5_min,"Real Time 5 Minute LMPs as reported by SPP.

The location types present are:

- *Settlement Location*
- *Interface*
- *Hub*","SPP（西南电力池）发布的实时5分钟LMP（节点边际电价）。

包含的位置类型有：

- 结算点
- 接口
- 枢纽",done,
479,spp_lmp_real_time_by_bus,"Real-time five-minute prices in SPP by bus for Pricing Nodes in SPP's commercial model.


The location types present are:

- *Bus*","SPP（西南电力池）中按母线发布的实时五分钟电价，针对SPP商业模型中的定价节点。

包含的位置类型有：

- 母线",done,
480,spp_lmp_real_time_weis,"Real-time five-minute LMP data for the WEIS real-time balancing market by settlement location.  

💡 WEIS is a real-time only balancing market administered by SPP in the Western Interconnect.

 📝 This dataset was utilized in *[SPP Expansion Provides a Blueprint for the Future of the Grid](https://blog.gridstatus.io/spp-expansion-west/)*

For more information: https://portal.spp.org/groups/weis","WEIS（西部能源不平衡市场）实时平衡市场中按结算点划分的实时五分钟LMP（节点边际电价）数据。

💡 WEIS是由SPP（西南电力池）在西部互联电网中管理的纯实时平衡市场。

📝 本数据集曾用于SPP扩张为电网未来提供蓝图

更多信息请访问：https://portal.spp.org/groups/weis",done,
481,spp_load,Load in 5 minute intervals as reported by SPP.,SPP（西南电力池）发布的负荷数据，时间间隔为5分钟。,done,
482,spp_load_by_baa,"5-minute Load by BAA in SPP. 

The SWPW BAA which this dataset makes available became available on 2026-04-01, and thus this dataset does not contain all available historical load data from SPP. If you require load data before 2026, use the `spp_load` [dataset](https://www.gridstatus.io/datasets/spp_load).","SPP（西南电力池）内按BAA（平衡权责区）划分的5分钟负荷数据。

本数据集所提供的SWPW（SPP西部）BAA数据自2026年4月1日起可用，因此本数据集不包含SPP所有可用的历史负荷数据。如果您需要2026年之前的负荷数据，请使用 spp_load 数据集。",done,
483,spp_load_by_baa_hourly,"Hourly Load in SPP by BAA. The SWPW BAA which this dataset makes available became available on 2026-04-01, and thus this dataset does not contain all available historical load data from SPP. If you require load data before 2026, use the `spp_load_hourly` [dataset](https://www.gridstatus.io/datasets/spp_load_hourly).","SPP（西南电力池）内按BAA（平衡权责区）划分的小时负荷数据。

本数据集所提供的SWPW（SPP西部）BAA数据自2026年4月1日起可用，因此本数据集不包含SPP所有可用的历史负荷数据。如果您需要2026年之前的负荷数据，请使用 spp_load_hourly 数据集。",done,
484,spp_load_forecast,Load forecast resampled to 5 minute intervals,负荷预测数据，重采样至5分钟间隔。,done,
485,spp_load_forecast_by_baa,SPP hourly Mid Term Load Forecast resampled and interpolated to 5 minute resolution by BAA.,SPP（西南电力池）的中期小时负荷预测，按BAA（平衡权责区）划分，经过重采样和插值处理，转换为5分钟分辨率。,done,
486,spp_load_forecast_mid_term,"Hourly load forecast data for both SPP East (SPP) and SPP West (SWPW) for +7 days
(actual RT load shown is averaged by hour as well).

Balancing authority areas are delineated by the `baa` column.","SPP East（SPP东部）和SPP West（SWPW，SPP西部）未来7天的小时负荷预测数据（实际实时负荷也按小时取平均值显示）。

平衡权责区通过 baa 列进行划分。",done,
487,spp_load_forecast_short_term,"5-minute load forecast data for the SPP footprint (system-wide).

No future forecasts are included. The dataset shows what SPP historically forecasted for each interval.

Includes data from both SPP East (SPP) and SPP West (SWPW) via the `baa` column.","SPP（西南电力池）覆盖区域内（全系统）的5分钟负荷预测数据。

不包含未来预测。该数据集展示SPP历史上对每个时间间隔的预测值。

通过 baa 列包含来自SPP East（SPP东部）和SPP West（SWPW，SPP西部）的数据。",done,
488,spp_load_hourly,"Hourly load data in SPP by Area.

Released daily around 5pm CT for the previous day.

The `forecast_area_type` columns takes on two values:
* CF: Conforming load, which is load that changes in a reasonably predictable, uniform way and is mainly driven by environmental factors like temperature.
* NC: Non-conforming load, which is load that is more process driven, does not follow a predictable pattern, and therefore must be forecast separately and then added to conforming load forecasts. This also includes load representing the charging capabilities of energy storage resources not registered as an MSR.

💡 The Areas in this dataset are the legacy balancing authorities for the region that SPP serves.","SPP（西南电力池）内按区域划分的小时负荷数据。

每日美国中部时间下午5点左右发布前一日数据。

forecast_area_type 列取两个值：
* CF：合规负荷，指以合理可预测、均匀方式变化的负荷，主要受温度等环境因素驱动。
* NC：非合规负荷，指更受过程驱动、不遵循可预测模式的负荷，因此必须单独预测，然后加到合规负荷预测中。该类型还包括未注册为MSR（储能资源）的储能资源的充电能力所代表的负荷。

💡 本数据集中的区域是SPP所服务地区的传统平衡权责区。",done,
489,spp_market_clearing_day_ahead,"Provides a summary of market clearing data for each Day-Ahead Market solution for each Operating Day.  Posting is updated each day after the DA Market results are posted.

Includes data from both SPP East (SPP) and SPP West (SWPW) via the `baa` column.","提供每个运行日的每个日前市场出清结果的汇总数据。每日在日前市场结果发布后更新。

通过 baa 列包含来自SPP East（SPP东部）和SPP West（SWPW，SPP西部）的数据。",done,
490,spp_market_clearing_real_time,"Real-time, five-minute Marginal Clearing Prices (MCPs) by Reserve Zone for ancillary services in SPP. Includes regulation, ramp, spinning and supplemental reserves, and uncertainty up products.


Includes data from both SPP East (SPP) and SPP West (SWPW) via the `baa` column.","SPP（西南电力池）内按备用区域划分的实时五分钟辅助服务边际出清价格（MCP）。包括调频、爬坡、旋转备用、补充备用以及不确定性上调产品。

通过 baa 列包含来自SPP East（SPP东部）和SPP West（SWPW，SPP西部）的数据。",done,
491,spp_net_load,This dataset contains 5-minute net load levels across SPP. Net load is calculated by combining solar and wind generation and subtracting that from load. Net load is a clear metric that helps illustrate how much load is met by thermal and other dispatchable resources.,该数据集包含SPP（西南电力池）全区域的5分钟净负荷水平。净负荷的计算方式是将太阳能和风力发电量合计后从负荷中减去。净负荷是一个清晰的指标，有助于说明有多少负荷是由火电和其他可调度资源满足的。,done,
492,spp_net_load_forecast_mid_term,"This dataset contains forecasted net load levels for the next 24 hours in SPP. This is calculated by combining forecasted wind and solar generation and subtracting that from load forecasts. Net load is a clear metric that helps illustrate how much load is met by thermal and other dispatchable resources, which is particularly valuable as the net load peak has grown increasingly volatile.",该数据集包含SPP（西南电力池）未来24小时的净负荷预测值。净负荷的计算方式是将预测的风电和太阳能发电量合计后从负荷预测中减去。净负荷是一个清晰的指标，有助于说明有多少负荷是由火电和其他可调度资源满足的。随着净负荷峰值波动日益加剧，这一指标尤为有价值。,done,
493,spp_operating_reserves,"Total Operating Reserve product (ancillary services) clearing in MW by Reserve Zone in SPP for each Real-Time Balancing Market solution for each Operating Interval.  Posting is updated after each study completes, roughly 5 minutes prior to the end of the operating interval.


Includes data from both SPP East (SPP) and SPP West (SWPW) via the `reserve_zone` column.","SPP（西南电力池）内按备用区域划分的每个运行间隔的实时平衡市场出清结果，单位为兆瓦（MW），对应总运行备用产品（辅助服务）。每次研究完成后更新发布，大约在运行间隔结束前5分钟。

通过 reserve_zone 列包含来自SPP East（SPP东部）和SPP West（SWPW，SPP西部）的数据。",done,
494,spp_records,Top 10 daily records for various metrics in SPP,SPP（西南电力池）内各项指标的每日前十名记录,done,
495,spp_records_timeseries,Timeline of new records for SPP,SPP（西南电力池）新纪录的时间线,done,
496,spp_solar_and_wind_forecast_mid_term,"System-wide wind and solar forecast data for the next 7 days, organized by hour.

Includes data from both SPP East (SPP) and SPP West (SWPW) via the `baa` column.","全系统未来7天的风电和光伏预测数据，按小时组织。

通过 baa 列包含来自SPP East（SPP东部）和SPP West（SWPW，SPP西部）的数据。",done,
497,spp_solar_and_wind_forecast_short_term,"System-wide wind and solar forecast data for +4 hours and including actual wind
and solar resource totals from previous intervals.

Includes data from both SPP East (SPP) and SPP West (SWPW) via the `baa` column.","全系统未来4小时的风电和光伏预测数据，同时包含此前时间间隔的风电和光伏资源实际总计数据。

通过 baa 列包含来自SPP East（SPP东部）和SPP West（SWPW，SPP西部）的数据。",done,
498,spp_standardized_5_min,"This table is a curated set of five-minute data for SPP. All standardized datasets are intended to speed up analysis and feature engineering work by providing commonly used data series in one denormalized table. 

The standardized datasets are a convenience for API users who only want to query one dataset for each ISO. If you plan on loading in every dataset or want to work with multiple series alone or together it is recommended to pull the individual datasets to have full visibility into each one.

⚠️ Not all data series are present for the entire length of the dataset. This can occur due to a lack of historical data or the publication of new core datasets by an ISO.","该表是SPP（西南电力池）精选的五分钟数据集合。所有标准化数据集通过将常用数据系列整合到一张反规范化表中，旨在加速分析和特征工程工作。

标准化数据集是为了方便API用户，使其只需查询每个ISO（独立系统运营商）的一个数据集。如果您计划加载所有数据集，或者希望单独或组合处理多个数据系列，建议拉取各个独立数据集，以便全面了解每个数据集。

⚠️ 并非所有数据系列在整个数据集的时间长度内都有数据。这可能是由于历史数据不足或ISO发布了新的核心数据集所致。",done,
499,spp_standardized_hourly,"This table is a curated set of hourly data for SPP. All standardized datasets are intended to speed up analysis and feature engineering work by providing commonly used data series in one denormalized table. Data in this feed is resampled to an hourly frequency from five minutes.

The standardized datasets are a convenience for API users who only want to query one dataset for each ISO. If you plan on loading in every dataset or want to work with multiple series alone or together it is recommended to pull the individual datasets to have full visibility into each one.

⚠️ Not all data series are present for the entire length of the dataset. This can occur due to a lack of historical data or the publication of new core datasets by an ISO.","该表是SPP（西南电力池）精选的小时数据集合。所有标准化数据集通过将常用数据系列整合到一张反规范化表中，旨在加速分析和特征工程工作。该数据源中的数据从五分钟频率重采样为小时频率。

标准化数据集是为了方便API用户，使其只需查询每个ISO（独立系统运营商）的一个数据集。如果您计划加载所有数据集，或者希望单独或组合处理多个数据系列，建议拉取各个独立数据集，以便全面了解每个数据集。

⚠️ 并非所有数据系列在整个数据集的时间长度内都有数据。这可能是由于历史数据不足或ISO发布了新的核心数据集所致。",done,
500,spp_ver_curtailments,"VER curtailment data in 5-minute intervals for SPP, summing both SPP East (SPP) and SPP West (SWPW).
 
This data is total VER curtailment (not per resource).","SPP（西南电力池）的可变能源资源（VER）弃电数据，时间间隔为5分钟，汇总了SPP East（SPP东部）和SPP West（SWPW，SPP西部）的数据。

该数据为VER总弃电量（非按单个资源统计）。",done,
501,spp_ver_curtailments_by_baa,"VER curtailment data in 5 minute intervals for SPP by BAA, SPP East (SPP) and SPP West (SWPW). For SPP East, the data begins on March 30th, 2026, while SWPW begins on April 1st, 2026.

For SPP-wide and historical VER curtailment data, see the `spp_ver_curtailments` [dataset](https://www.gridstatus.io/datasets/spp_ver_curtailments).


This data is total VER curtailment (not per resource).","SPP（西南电力池）内按BAA（平衡权责区）划分的VER（可变能源资源）弃电数据，时间间隔为5分钟，包括SPP East（SPP东部）和SPP West（SWPW，SPP西部）。SPP East数据始于2026年3月30日，SWPW数据始于2026年4月1日。

如需全SPP范围及历史的VER弃电数据，请参阅 spp_ver_curtailments 数据集。

该数据为VER总弃电量（非按单个资源统计）。",done,
502,spp_west_interchange_real_time,SWPW interchange tie flow from neighboring RTOs and balancing authorities. Data is sampled every minute. Negative values indicate SWPW importing and positive values indicate SWPW exporting.,SWPW（SPP西部）与相邻RTO（区域输电组织）及平衡权责区之间的联络线交换潮流。数据每分钟采样一次。负值表示SWPW净输入（进口），正值表示SWPW净输出（出口）。,done,
